	micha-ii-48	lanzarote-ii-48	fr111-ii-48	fr751-ii-48	inc-ii-48	sommer--ii-48	lancellotto-ii-48
0	0|1	0	0	0	0	0
1|2|3|4|5|6|7|8|9|10	2|3|4|5|6|7|8	1|2|3|4|5|6	1|2|3|4|5|6|7|8	1|2|3|4|5|6|7	1|2|3|4|5|6|7|8	1|2|3|4|5|6|7|8|9
11|12|13	9|10|11|12	7|8	9|10	8|9|10	9	10
14|15|16|17|18	13|14|15	9|10|11|12|13	11|12|13|14|15|16	11|12|13	10|11|12|13|14	11|12|13|14|15|16|17
19	16|17	14	17	14	15|16	18|19
20	18|19	15	18	15	17	20
21	20|21	16	19	16	18	21
22|23|24|25|26	22|23|24	17|18|19	20|21|22|23|24	17|18|19|20	19|20|21|22|23|24	22|23|24
27|28	25|26|27	20|21|22	25|26|27	21|22|23	25|26|27	25
29	28|29	23	28	24	28	26
30|31	30	24|25	29	25|26	29|30	27|28|29
32|33|34|35	31|32|33	26|27|28|29	30|31|32	27|28|29	31|32|33	30|31
			33			
36|37	34|35	30|31	34|35|36	30	34|35|36|37|38	32|33
					39	
38|39	36|37	32|33|34	37|38|39	31|32|33	40|41	34
40	38	35|36	40|41	34|35	42	35
41|42|43|44	39|40	37|38	42|43|44	36|37|38	43|44|45|46	36|37|38
45|46|47|48|49|50	41|42|43|44|45|46	39|40|41|42|43	45|46|47|48	39|40|41|42	47|48|49|50|51	39|40|41|42
51|52	47	44	49|50|51	43|44	52|53	43|44
53|54|55	48|49|50	45|46|47	52|53|54	45|46	54|55|56	45|46
56	51	48	55	47	57	47
57|58	52|53|54|55	49|50	56|57	48	58|59|60	48|49|50
59	56	51	58	49	61	51|52
60	57	52	59|60	50	62	53
61	58|59	53	61	51	63	54|55
62|63	60|61	54|55	62|63	52	64|65|66	56
64	62	56	64	53	67	57
65|66|67	63|64	57|58|59	65|66|67	54|55	68|69	58|59
68	65	60	68	56	70	60
69|70	66|67|68	61|62	69	57|58	71	61
71	69	63		59	72	
72|73|74|75|76	70|71|72	64|65|66|67|68		60|61|62|63|64|65|66	73|74|75|76|77|78|79	62|63|64
77|78|79	73|74	69|70|71	70|71	67|68	80|81	65|66
80|81|82	75|76	72|73|74	72|73	69|70	82|83|84	67|68|69
83|84	77|78	75	74	71	85|86|87	70|71
85|86|87|88|89|90	79|80|81	76|77|78|79|80	75|76|77	72|73|74|75	88|89|90|91|92|93	72|73|74|75
91	82	81	78		94	
92|93|94|95|96|97|98	83|84|85|86	82|83|84|85	79|80|81|82	76|77|78|79	95|96|97	76|77|78
99|100	87	86	83	80	98	79
101		87				
102|103	88	88	84	81	99	
104|105|106|107|108|109|110|111|112|113|114|115|116	89|90|91|92|93|94	89|90|91|92|93|94|95|96|97|98|99|100|101|102	85|86|87|88|89|90|91|92|93|94	82|83|84|85|86|87|88|89	100|101|102|103|104|105|106|107|108|109	80|81|82|83|84|85|86|87|88
117|118	95	103|104	95	90	110|111|112	89|90|91|92
119|120|121	96|97|98	105|106|107|108|109|110|111|112|113	96|97|98|99	91|92	113|114	93|94|95|96|97|98
122|123|124	99|100	114|115|116	100|101|102|103	93|94	115|116|117	99|100|101|102|103|104
125	101	117	104		118	105|106
126|127|128	102|103|104	118|119|120	105|106	95	119|120|121|122	107|108|109|110|111
129	105	121	107	96	123	112
130	106	122	108	97	124	113
131	107|108	123	109|110	98	125|126	114
132|133|134|135	109|110	124|125|126|127	111|112|113|114|115|116	99|100|101|102	127|128|129	115|116|117
136	111	128	117	103	130	118
137|138|139|140	112|113	129|130	118|119|120	104	131|132|133	119|120
141|142	114	131	121	105	134	121
143|144	115	132	122|123|124	106	135|136	122
145	116	133	125|126	107	137	123
146|147|148|149|150	117|118|119	134|135|136|137	127|128|129|130|131	108|109|110|111|112|113	138|139|140|141|142|143	124|125|126|127
151	120	138	132	114	144	128
			133			
152	121	139|140	134|135	115	145	129|130
153	122	141	136	116	146	131
154|155	123	142|143	137|138	117	147|148	132|133
156|157	124|125	144|145	139|140	118|119	149	134|135
158	126	146				
159|160	127|128	147	141	120	150	136
161	129	148	142|143	121	151|152	137
			144			
162	130	149	145	122	153|154	138
163|164|165|166|167|168|169|170|171|172	131|132|133|134|135|136|137|138	150|151|152|153|154|155|156	146|147|148|149|150|151|152	123|124|125|126|127|128|129|130|131	155|156|157|158|159|160|161	139|140|141|142|143
173|174	139	157|158	153	132	162	144
175|176	140|141	159|160	154|155|156|157	133|134	163|164|165	145
177|178	142|143	161	158	135	166	146|147
179	144	162	159	136	167	148
180	145	163	160	137	168	149
181	146|147	164	161	138	169	150
182	148	165	162|163	139	170	151|152
						153
183|184	149	166	164|165|166|167|168|169|170	140|141	171|172	154
185|186|187|188	150|151	167|168|169	171|172|173|174|175	142|143	173|174|175|176	155|156|157
189	152	170	176	144	177	158
			177			
190	153	171	178	145|146	178	159
191	154	172	179	147	179|180	160
192	155	173	180	148	181	161
193|194|195|196|197	156|157|158|159|160|161|162	174|175|176	181|182|183|184|185|186|187|188|189|190|191	149|150|151|152|153	182|183|184|185|186	162|163|164
198|199	163|164	177	192	154	187|188	165
200	165	178	193|194	155	189	166
201	166|167	179|180	195	156|157	190|191	167|168
					192	
					193	
			196			
			197			
202	168|169	181	198|199	158|159	194|195	169|170
203	170|171	182	200|201	160	196	171
			202			
204	172|173	183	203|204	161	197	172|173
205|206|207|208|209	174|175|176	184|185	205|206|207|208	162|163|164|165|166	198|199|200	174|175|176
210|211	177|178|179|180	186	209|210|211	167|168	201|202	177|178|179
212	181	187	212	169	203	180
213|214	182	188|189	213|214	170|171|172	204|205|206	181|182
215	183	190	215	173	207	183
216|217|218|219	184|185|186|187|188|189	191|192|193	216|217|218|219|220|221	174|175|176	208|209|210|211|212	184|185|186
220|221	190	194|195	222|223	177	213	187|188
222|223|224	191|192	196|197|198	224|225|226|227	178|179|180	214|215|216|217	189|190
225|226|227	193|194	199|200|201|202	228|229	181|182|183	218|219	191|192|193|194
228	195	203	230	184	220	195
229	196	204	231	185	221	196
230|231	197	205|206	232|233	186|187	222|223	197|198
232|233|234|235|236	198|199|200|201	207|208|209	234|235|236|237|238	188|189	224|225	199|200|201|202
237|238	202	210|211	239|240	190	226	
239|240|241|242|243|244|245|246|247|248	203|204|205|206	212|213|214|215|216|217|218|219|220	241|242|243|244|245|246|247	191|192|193|194|195	227|228|229|230|231|232|233	203|204|205|206|207|208
249|250|251|252|253|254|255	207|208|209	221|222|223|224	248|249|250|251|252	196|197|198|199	234|235|236|237	209|210|211|212|213
256|257	210	225	253	200	238	214
258|259	211	226	254	201	239|240	215
260|261	212	227|228|229	255|256|257	202	241|242|243	216|217
262|263	213	230|231	258|259		244|245	218|219
264|265	214	232|233	260	203	246|247	220|221
266|267	215	234	261	204	248	222
268|269	216	235	262	205	249	223
270|271	217	236	263|264|265	206	250|251|252	224|225
272|273|274|275|276|277|278|279	218|219|220	237|238|239|240|241|242|243|244	266|267|268|269|270|271|272|273|274|275	207|208|209	253|254|255|256|257|258|259|260|261|262|263	226|227|228|229|230|231
280|281	221	245	276	210	264|265	232
282	222	246	277	211	266	
283|284|285|286|287|288	223|224|225	247|248|249|250|251	278|279|280|281	212|213|214	267|268|269|270|271	233|234|235|236
289	226	252	282	215	272	237
290|291|292|293|294|295|296|297|298|299	227|228|229|230|231	253|254|255|256|257|258	283|284|285|286|287|288|289|290	216|217|218|219|220	273|274|275|276|277	238|239|240|241|242|243|244
			291			
300|301	232	259|260	292	221	278|279	245
302|303|304|305|306	233|234|235|236|237	261|262|263|264	293|294|295|296|297|298	222|223|224	280|281|282|283	246|247
307|308|309|310|311	238|239|240	265|266|267|268	299|300|301|302|303	225|226|227	284|285|286|287|288	248|249|250|251
312|313|314|315|316|317	241|242|243|244|245	269|270|271|272|273|274	304|305|306|307|308|309	228|229|230|231|232|233	289|290|291|292|293	252|253|254|255|256
318|319	246	275|276	310|311	234|235	294|295	257|258
320|321	247|248	277|278	312|313	236	296|297	259|260
322|323	249	279|280	314|315	237	298	261
324|325|326|327	250|251|252	281|282|283	316|317|318	238|239|240|241|242	299|300|301|302|303	262|263|264
			319			
328	253	284	320|321	243	304|305	265
329	254	285	322	244	306	266|267
330|331|332	255|256|257	286|287|288	323|324|325	245	307|308	268|269
333|334	258|259	289|290	326|327	246	309|310	270|271|272
335|336	260	291|292	328|329	247|248	311|312	273|274
337|338|339|340|341|342|343	261|262|263|264	293|294|295|296|297	330|331|332|333|334	249|250|251|252|253	313|314|315|316|317|318	275|276|277|278
344|345	265	298	335	254	319	279
346	266|267	299	336	255	320	
347|348|349|350|351|352|353|354|355|356	268|269|270|271|272|273|274|275	300|301|302|303|304	337|338|339|340|341	256|257|258|259|260|261|262	321|322|323|324|325|326|327|328	280|281|282|283|284
357|358|359|360|361	276|277|278|279	305|306|307|308	342|343|344|345|346	263|264|265	329|330|331	285|286
362|363|364|365	280|281	309|310|311	347|348|349|350|351		332|333|334|335	287|288|289|290
366|367|368	282|283|284|285|286	312|313|314	352|353|354|355|356	266|267	336|337|338|339|340	291|292
369|370|371	287|288	315|316|317	357|358|359	268	341|342	293|294|295
372|373	289	318	360	269	343	296
374|375|376|377|378|379|380|381	290|291|292|293	319|320|321	361|362|363	270|271|272|273	344|345|346|347|348|349	297|298|299|300|301|302|303
382|383|384|385|386|387|388|389|390|391|392|393|394|395|396	294|295|296|297|298|299|300|301	322|323|324|325|326|327|328	364|365|366|367|368|369|370|371|372|373|374|375	274|275|276|277|278	350|351|352|353|354|355|356|357|358	304|305|306|307|308|309|310|311|312|313
397|398|399|400|401|402|403|404	302|303|304|305	329|330|331|332	376|377|378|379	279|280|281|282|283	359|360|361|362|363|364	314|315|316|317|318|319|320|321
405|406|407	306|307|308	333|334|335	380|381|382	284|285	365	322|323|324
408|409|410	309|310|311	336|337|338	383|384	286|287|288	366|367|368	325|326|327
411|412	312	339|340	385|386	289|290	369|370	328
413	313	341	387	291	371|372	329|330
414|415|416|417|418|419|420|421|422|423|424	314|315|316|317	342|343|344|345|346|347|348	388|389|390|391|392|393	292|293|294|295|296|297|298	373|374|375|376|377|378	331|332|333|334|335|336|337|338|339
425|426|427|428|429|430|431	318|319|320	349|350|351	394|395|396|397	299|300	379|380|381|382	340|341|342
432	321	352	398	301	383	343
433|434|435	322|323|324	353|354|355	399|400|401	302|303	384|385|386	344|345
436|437|438	325|326	356|357|358	402|403|404	304|305	387|388|389|390	346|347
439|440	327	359	405	306	391	348
441|442	328	360|361	406|407	307|308	392|393	349|350
443|444	329	362|363	408|409	309|310	394|395	351|352
445|446		364	410	311	396	353|354
447|448	330	365|366	411|412	312|313	397|398	355|356
449		367	413	314	399	357
450	331	368	414	315	400	358
451	332|333	369|370	415|416	316|317	401|402	359
452|453|454	334|335|336	371|372|373|374	417|418	318|319	403|404|405|406	360|361|362
455|456|457|458|459|460|461	337|338|339|340|341	375|376|377|378|379	419|420|421|422|423|424|425|426	320|321|322	407|408|409|410|411|412	363|364|365|366|367|368|369|370|371
462|463	342	380	427|428|429	323	413	372
464|465	343|344|345	381	430|431	324	414	373
466|467|468|469|470|471	346|347|348|349|350|351|352|353	382|383|384|385	432|433|434	325|326|327	415|416	374|375|376
472|473|474	354|355	386	435	328|329	417	377
475|476|477|478|479|480|481	356|357|358|359	387|388|389|390	436|437|438|439	330|331|332	418|419	378|379
482|483|484|485|486|487|488|489	360|361|362|363	391|392|393|394|395|396	440|441|442|443|444|445	333|334|335|336	420|421|422|423	380|381|382
490|491|492|493|494	364|365|366|367|368	397|398|399	446|447|448	337|338	424|425|426	383|384
495|496|497	369|370	400|401	449|450	339|340	427|428	385
498|499|500|501|502|503	371|372|373|374|375|376	402|403|404|405	451|452|453	341|342|343	429|430|431|432|433|434	386|387|388
504|505	377|378|379|380	406|407|408|409	454|455|456|457|458	344	435|436|437|438|439	389
506|507|508	381|382	410|411|412	459|460|461	345|346|347	440|441|442	390
509|510|511|512	383|384	413|414|415	462|463	348|349|350|351	443|444|445	391|392
513|514|515|516	385|386	416|417|418|419	464|465|466|467|468|469	352|353|354|355|356	446|447|448	393|394
517|518|519|520	387|388	420|421|422|423	470|471|472|473	357|358|359|360	449|450|451|452	395|396
521|522	389	424|425	474|475	361|362	453|454	397|398
523|524	390	426	476|477	363	455	399|400
525|526	391	427|428	478|479	364|365	456|457	401|402
527		429	480|481		458	403
528|529|530|531|532|533|534|535|536|537|538|539|540|541	392|393|394	430|431|432|433|434|435|436|437|438|439	482|483|484|485|486|487|488|489|490|491	366|367|368|369|370|371	459|460|461|462|463|464|465	404|405|406|407|408|409|410|411
542|543	395	440	492|493	372	466	412
544|545	396	441	494			413
546|547|548	397	442	495	373	467	414
549|550|551|552|553	398|399	443	496|497	374	468	415
554|555	400	444	498	375	469	416
556|557|558|559|560|561|562|563	401|402|403|404	445|446	499|500|501|502	376|377|378	470|471|472	417|418|419
564|565			503	379	473	420
566|567|568|569|570|571|572|573	405|406|407|408|409	447|448|449|450|451|452	504|505|506|507|508	380|381|382|383|384	474|475|476|477|478	421|422|423|424
574	410|411	453	509	385	479	425
575|576	412	454|455|456	510|511	386|387|388	480|481|482	426|427
577|578	413	457	512	389	483|484|485	428
579	414	458	513	390	486	429
580|581	415	459	514	391	487	430
582	416	460|461	515	392|393	488	431
583	417	462	516	394	489	432
584	418	463	517	395	490	433
585|586|587|588|589|590|591	419|420|421|422|423	464|465|466|467|468|469|470|471	518|519|520|521|522|523|524	396|397|398|399|400|401	491|492|493|494|495|496|497|498|499|500|501	434|435|436|437|438
592|593	424|425	472|473	525	402	502|503	439
594	426	474	526	403	504	440
595	427	475	527	404	505	441
596|597|598	428|429	476|477|478	528|529|530|531	405	506|507|508|509|510	442|443|444
					511	
599|600	430		532	406	512|513|514	445|446
601|602|603|604|605	431|432	479|480	533|534	407	515|516|517|518|519	447|448|449|450|451
606	433	481	535	408	520	452
607|608	434	482|483	536|537	409|410	521|522	453|454
609|610	435	484|485	538|539	411|412	523|524	455|456
611|612	436	486|487	540|541|542|543	413|414	525|526|527	457|458|459
613	437|438	488|489	544	415|416	528	460|461
614	439|440	490	545	417	529	462
615|616|617	441|442	491|492	546|547|548	418|419	530|531|532	463
618|619	443|444|445|446	493	549|550	420|421|422	533|534	464
620|621|622|623|624	447|448|449|450|451	494|495|496|497	551|552|553|554|555|556	423|424	535|536|537|538	465|466|467|468
625	452	498	557	425	539|540	469|470
						471
626	453	499	558	426	541	472|473
627|628|629|630|631|632|633|634|635|636|637	454|455|456|457|458|459	500|501|502|503|504	559|560|561|562|563|564|565|566|567	427|428|429|430|431|432|433	542|543|544|545|546|547|548|549	474|475|476|477|478|479|480|481|482|483
638|639	460	505	568|569	434	550|551	484
640|641	461	506	570	435	552	485
642|643|644|645|646|647|648|649|650|651|652|653|654|655|656|657|658|659|660|661	462|463|464|465|466|467|468|469|470|471|472	507|508|509|510|511|512|513|514|515|516|517|518|519|520	571|572|573|574|575|576|577|578|579|580|581|582|583|584|585	436|437|438|439|440|441|442|443|444|445|446|447	553|554|555|556|557|558|559|560|561|562	486|487|488|489|490|491|492|493|494|495|496|497|498|499
662|663|664|665	473|474	521|522|523|524	586|587	448|449	563|564	500|501|502|503
666|667|668|669|670|671|672	475|476|477|478	525|526|527|528|529	588|589|590|591|592	450|451|452|453	565|566|567|568|569	504|505|506|507
673|674|675|676|677|678	479|480|481|482|483	530|531|532|533	593|594|595|596	454|455|456|457	570|571|572|573|574|575	508|509|510|511
679|680	484	534|535	597|598	458	576	512
681	485	536|537	599|600	459	577	513
682	486	538	601	460	578	514
683	487	539	602	461	579	515
684	488|489	540	603	462	580	516
685	490	541	604	463	581	517
686	491|492	542	605|606	464|465	582|583	518
687	493	543	607|608	466	584	519
688|689|690|691	494|495|496	544|545|546|547	609|610|611|612	467|468	585|586|587	520|521|522|523
692|693|694|695	497|498|499|500|501	548|549|550|551	613|614|615|616	469|470	588|589|590|591|592	524|525|526|527
696|697	502|503	552|553	617|618	471	593	528|529|530
698|699	504	554|555	619|620	472	594|595|596	531|532|533
700|701	505	556|557	621	473	597|598	534|535
702	506|507	558|559	622	474|475	599|600	536|537
703|704|705	508|509	560|561|562	623|624	476|477|478	601|602	538|539
706|707	510	563|564|565	625|626	479	603	540
708|709	511|512|513	566|567	627|628|629		604	541|542
710|711|712|713|714|715	514|515|516|517|518	568|569|570|571|572	630|631|632|633|634	480|481	605|606|607|608|609	543|544|545|546
716|717|718	519|520	573	635|636|637	482|483	610|611|612	547|548
719	521	574	638	484	613	549
720|721|722	522|523	575|576|577	639|640|641	485|486|487	614|615|616	550|551
723|724	524	578|579|580	642|643|644	488|489|490|491	617|618|619	552|553|554|555
725|726	525|526|527	581|582	645|646	492|493	620	556|557|558|559
						560
727|728|729|730	528|529	583|584|585|586	647|648|649|650|651|652	494|495|496|497	621|622|623|624|625	561|562
731	530	587	653		626	563
732|733|734|735|736	531|532|533	588|589|590	654|655|656	498|499	627|628|629	564|565|566|567|568
737						
738						
739|740|741|742|743|744|745|746	534|535|536	591|592|593|594|595	657|658|659|660	500|501|502	630|631|632|633|634|635	569|570|571|572|573
747|748|749|750|751|752	537|538|539	596|597|598|599|600	661|662|663|664|665	503|504|505|506|507	636|637|638|639|640	574|575|576|577
753|754	540	601|602	666|667	508|509	641|642	578|579
755|756	541	603|604	668|669	510|511	643|644	580
757|758	542	605|606	670|671	512	645	581|582
759|760	543		672	513	646	583
761|762|763|764|765|766|767|768|769|770|771|772|773	544|545|546|547|548|549	607|608|609|610|611|612|613|614|615	673|674|675|676|677|678|679|680	514|515|516|517|518|519|520	647|648|649|650|651|652|653|654|655	584|585|586|587
774|775|776	550	616|617	681|682	521|522	656|657	588|589
777|778	551	618|619	683|684	523|524	658	590|591
779|780|781|782|783|784|785	552|553|554	620|621|622|623|624	685|686|687|688|689|690	525|526|527|528	659|660|661|662	592|593|594|595|596
786|787|788|789	555|556|557|558	625|626	691|692|693|694	529|530|531	663|664|665|666	597|598|599
790|791	559	627|628	695|696	532	667	600
792|793|794|795|796|797	560|561|562	629|630|631|632|633	697|698|699|700|701	533|534|535	668|669|670|671|672|673	601|602|603
798|799	563		702		674	
800|801|802|803|804|805|806|807	564|565|566|567|568|569|570	634|635|636|637|638	703|704|705|706|707|708|709	536|537|538|539|540	675|676|677|678|679|680|681	604|605|606
808|809	571	639|640	710|711	541|542	682|683	607|608
810|811	572|573	641|642|643	712|713	543	684|685	609
812	574	644	714	544|545	686	610
813	575	645	715	546	687	611
814|815	576|577	646	716|717	547	688|689	612|613
				548		
816|817|818	578|579|580	647|648	718|719	549|550	690|691|692	614|615
819|820	581	649	720	551	693|694	616
821|822|823|824|825|826|827	582|583|584|585	650|651|652|653|654	721|722|723|724|725|726|727|728|729	552|553|554|555	695|696|697|698|699|700|701|702	617|618|619|620|621|622|623
			730			
828	586	655	731	556	703	624
829|830	587	656|657	732|733	557|558	704|705	625|626|627
831|832|833|834|835|836|837	588|589	658|659|660|661|662|663	734|735|736|737|738	559|560|561|562	706|707	628|629|630|631
838	590	664	739	563	708	632
839|840|841|842|843|844|845|846|847|848|849	591|592|593|594|595	665|666|667|668|669|670|671|672	740|741|742|743|744|745|746|747	564|565|566|567|568	709|710|711|712|713|714	633|634|635|636|637|638|639
850|851|852|853|854|855|856|857|858	596|597|598	673|674|675|676|677|678|679	748|749|750|751|752|753|754|755	569|570|571|572	715|716|717|718|719|720	640|641|642|643|644
859		680				
860|861	599|600	681	756|757|758		721|722|723	645
862|863|864|865|866|867	601|602|603	682|683|684|685	759|760|761|762	573	724|725|726|727	646|647|648
868	604	686	763	574	728	649
869|870	605	687	764|765	575	729|730	650
871|872	606	688	766	576	731	651|652
873|874		689	767	577	732	653
875|876|877	607|608	690	768|769	578	733|734	654|655
878|879|880	609|610	691	770|771	579|580	735|736	656|657
881|882	611	692				
883|884|885	612|613	693|694	772|773	581	737|738	658
886|887|888	614|615	695|696|697|698	774|775|776	582|583	739|740|741|742|743	659|660
889|890	616	699|700	777|778	584	744|745	661|662
891		701	779		746	663
892|893	617|618|619	702|703	780|781	585	747|748|749	664|665
894	620	704|705	782|783		750|751	666
895|896	621	706|707	784|785	586	752|753	667
897|898|899|900|901|902	622|623|624|625|626|627	708|709|710|711|712|713	786|787|788|789|790|791	587|588	754|755|756|757|758	668|669|670|671|672
903|904	628	714|715	792|793	589|590	759|760	673|674
905|906|907|908|909	629|630|631|632|633	716|717|718|719	794|795|796|797|798	591|592|593	761|762|763|764	675|676|677|678
910|911	634|635	720|721	799|800	594	765|766|767	679|680
912	636	722	801		768	681
913|914|915|916	637|638	723|724|725	802|803|804|805|806	595|596	769|770|771	682|683|684|685
917|918|919|920|921|922	639|640|641|642	726|727|728|729|730	807|808|809|810|811	597|598|599	772|773|774	686|687|688|689|690
923|924	643|644	731|732|733	812|813|814|815	600	775|776	691|692|693
925	645	734	816	601	777	694
926	646|647	735|736	817|818		778|779	695
927|928	648|649	737|738	819|820	602	780|781	696
929|930|931|932	650|651|652	739|740|741|742	821|822|823|824|825|826|827	603|604	782|783|784|785	697|698|699
					786	
933	653	743	828	605	787	700
934	654	744|745	829|830	606	788	701
935|936	655|656	746|747	831|832	607	789|790	702|703
937|938	657|658	748|749	833|834	608|609	791|792	704
939|940	659	750	835|836	610	793|794	705|706
941|942	660|661	751|752	837|838	611	795|796	707|708|709
943	662	753	839	612	797	710
944	663|664	754	840	613	798	711
945	665|666	755|756	841|842	614	799|800	712|713
946|947	667|668|669	757|758	843|844	615	801|802	714|715
948|949	670|671	759|760	845|846	616	803|804	716
950|951|952|953	672|673|674	761|762|763	847|848|849|850	617|618	805|806|807	717|718
954|955	675|676	764|765	851|852	619	808|809	719
956|957	677	766|767	853|854	620|621	810|811	720
958|959	678	768|769	855|856|857|858	622|623	812|813|814	721
960	679	770	859	624	815	722
961|962	680|681|682	771|772	860|861	625	816|817|818	723
					819	
963	683|684	773	862|863	626	820|821	724|725
			864			
964|965|966|967	685|686	774|775|776|777	865|866|867|868	627|628|629|630	822|823|824|825	726|727|728|729|730|731|732
968	687	778	869	631	826	733
969	688|689	779|780	870|871	632|633	827|828	734|735
			872			
			873			
			874			
			875			
		781				
	690					
970	691|692	782	876|877	634	829	736
971	693	783	878	635	830	737
972|973	694	784	879|880	636	831	738|739
974	695	785		637	832	740
975|976	696|697|698	786	881	638	833	741
					834	
977	699	787	882|883	639	835	742
978|979|980|981|982|983|984	700|701|702|703|704	788|789|790|791	884|885|886|887|888	640|641|642	836|837|838|839|840|841	743|744|745
985|986|987|988|989|990|991	705|706|707|708|709	792|793|794|795|796	889|890|891|892	643|644|645	842|843|844|845|846|847|848	746|747|748|749|750
992|993|994	710	797|798	893|894|895	646|647	849|850	751|752
995|996	711		896|897	648	851|852	753|754
997|998|999|1000	712|713	799|800|801|802	898|899|900|901|902	649|650|651	853|854|855|856|857|858	755|756|757
1001|1002|1003|1004|1005|1006	714|715|716	803|804|805|806|807|808	903|904|905|906	652|653|654|655|656	859|860|861	758|759|760|761
1007|1008	717|718	809|810	907	657|658	862	762|763|764
1009	719	811	908	659	863	765
1010|1011|1012|1013|1014|1015	720|721|722|723|724|725	812|813|814|815|816|817	909|910|911|912|913|914	660|661|662|663	864|865|866|867|868	766|767|768|769|770|771
1016|1017|1018|1019|1020|1021	726|727|728|729	818|819|820|821	915|916|917|918|919	664|665	869|870|871|872|873	772|773|774|775
1022	730	822	920	666	874	776
1023	731	823	921	667	875	777
1024	732	824|825	922	668	876	778
1025|1026	733	826	923	669	877|878	779|780
1027	734	827	924	670	879	781
1028	735	828	925	671	880	782
1029|1030	736|737|738|739	829|830	926|927	672	881	783|784
	740					
1031|1032	741|742|743	831|832	928|929	673|674|675	882|883	785
1033	744	833	930	676	884	786
1034|1035|1036|1037|1038	745|746|747	834|835	931|932|933|934	677|678|679	885|886|887|888	787|788|789
1039|1040	748	836|837|838	935|936	680	889	790|791
1041	749	839	937	681	890	792
1042|1043	750|751	840|841	938|939	682|683|684	891|892|893	793
1044|1045	752	842|843	940|941|942	685|686|687	894|895|896	794|795
1046	753	844	943|944	688	897	796
1047	754|755	845|846	945	689	898	797
1048	756	847	946	690	899	798
1049|1050|1051|1052|1053|1054	757|758|759	848|849|850|851	947|948|949|950|951|952|953	691|692|693|694|695	900|901|902|903|904	799|800|801|802|803|804
1055|1056|1057|1058|1059	760|761|762|763	852|853	954|955|956|957|958|959	696|697|698	905|906	805|806|807|808
1060|1061|1062|1063|1064|1065|1066	764|765|766|767|768	854|855|856|857	960|961|962|963|964|965	699|700|701|702|703	907|908|909|910|911|912|913|914|915|916	809|810|811|812
1067|1068	769|770	858|859	966|967	704|705	917|918	813
						814
1069	771	860	968	706	919	815
1070|1071	772|773	861|862	969|970	707	920|921	816|817
1072|1073	774|775|776|777	863|864|865	971|972|973	708	922|923|924	818|819|820
1074	778	866	974			821
1075|1076|1077	779|780	867|868|869|870|871	975|976|977|978|979	709|710|711|712|713	925|926|927|928|929	822|823|824
					930	
				714		
				715		
1078|1079|1080	781|782	872|873	980|981|982	716|717|718	931|932|933	825|826|827|828|829|830
1081|1082	783	874|875|876	983	719|720	934	831|832
1083	784	877	984	721	935	833
1084|1085	785|786|787	878|879|880	985|986	722|723	936|937	834
1086	788|789	881	987	724	938	835
1087|1088	790|791	882|883|884	988|989|990	725	939|940|941|942	836|837|838|839
1089|1090	792	885|886	991|992	726|727|728	943|944	840|841
1091	793|794	887	993	729	945|946	842
1092	795|796	888	994	730	947	843
1093	797|798	889	995	731	948	844
1094	799|800	890	996|997	732	949	845
1095	801	891	998	733	950	846
1096|1097|1098|1099	802|803	892|893	999|1000	734|735	951|952|953	847|848|849|850
1100|1101|1102|1103|1104|1105|1106|1107|1108|1109|1110|1111|1112|1113	804|805|806|807|808|809|810|811	894|895|896|897|898|899|900|901|902	1001|1002|1003|1004|1005|1006|1007|1008|1009|1010	736|737|738|739|740|741|742|743	954|955|956|957|958|959|960|961|962|963	851|852|853|854|855|856|857|858
1114|1115|1116|1117|1118|1119|1120|1121|1122|1123|1124|1125|1126|1127|1128|1129|1130|1131|1132|1133|1134|1135	812|813|814|815|816|817|818|819|820|821|822|823	903|904|905|906|907|908|909|910|911|912|913|914	1011|1012|1013|1014|1015|1016|1017|1018|1019|1020|1021|1022|1023|1024	744|745|746|747|748|749|750|751|752	964|965|966|967|968|969|970|971|972|973|974|975|976|977|978|979|980	859|860|861|862|863|864|865|866|867|868|869
1136|1137|1138|1139|1140|1141|1142	824|825|826	915|916|917|918|919|920|921|922	1025|1026|1027|1028|1029|1030	753|754	981|982|983|984|985|986|987	870|871|872|873
1143|1144|1145|1146|1147|1148|1149|1150|1151|1152	827|828|829	923|924|925|926	1031|1032|1033|1034|1035|1036|1037|1038	755|756|757|758	988|989|990|991|992|993|994|995	874|875
1153|1154	830|831	927	1039|1040	759	996|997	876|877
1155|1156|1157|1158|1159|1160|1161|1162|1163|1164	832|833|834|835|836|837	928|929|930|931|932|933|934|935|936|937	1041|1042|1043|1044|1045|1046|1047|1048|1049|1050	760|761|762|763|764	998|999|1000|1001|1002|1003|1004|1005|1006	878|879|880|881|882|883|884|885|886|887|888
1165|1166|1167|1168	838|839	938|939|940|941	1051|1052|1053	765|766	1007|1008|1009	889|890|891|892
1169	840	942	1054|1055	767	1010	893
			1056			
1170|1171|1172|1173|1174|1175	841|842|843|844|845	943|944|945|946|947|948	1057|1058|1059|1060|1061|1062	768|769|770|771	1011|1012|1013|1014|1015|1016	894|895|896
1176|1177	846|847	949|950|951	1063|1064|1065	772|773|774	1017|1018	897
1178	848|849	952	1066	775	1019	898
1179|1180	850	953	1067	776	1020|1021|1022	899
1181|1182|1183	851|852|853	954|955|956	1068|1069	777|778	1023|1024|1025	900
1184|1185|1186|1187	854|855|856|857	957|958|959|960	1070|1071|1072|1073	779|780	1026|1027|1028|1029	901|902|903
1188|1189	858|859	961	1074|1075	781|782	1030	904|905|906
	860					
1190	861	962	1076	783	1031	907
1191	862	963	1077	784	1032	908
1192|1193	863	964|965	1078|1079	785|786	1033|1034	909|910
1194	864	966	1080|1081	787	1035|1036	911|912
1195|1196	865|866	967|968	1082|1083	788|789	1037|1038	913
1197	867	969	1084	790	1039	914
1198	868|869	970	1085|1086	791|792	1040|1041	915
			1087			
1199|1200	870	971	1088	793	1042	916
					1043	
1201|1202	871	972|973	1089|1090	794|795	1044|1045	917|918
1203|1204|1205|1206	872|873	974|975|976|977	1091|1092|1093|1094	796	1046|1047|1048|1049	919|920|921
1207|1208|1209|1210|1211|1212	874|875|876|877|878|879	978|979|980|981	1095|1096|1097|1098|1099	797|798|799	1050|1051|1052|1053	922|923|924|925
		982				
1213|1214|1215	880|881	983|984	1100|1101|1102	800|801	1054|1055|1056|1057	926
1216|1217|1218|1219	882|883|884|885	985|986|987|988	1103|1104|1105|1106	802|803	1058|1059|1060	927|928|929
1220	886|887	989	1107	804	1061	930
1221|1222	888	990|991	1108|1109	805	1062|1063	931|932|933
1223	889|890	992	1110|1111	806	1064|1065	934|935
			1112			
1224|1225|1226|1227	891|892|893|894	993|994|995|996	1113|1114|1115|1116|1117	807|808	1066|1067|1068|1069	936|937|938
1228	895|896	997	1118|1119	809|810		939|940
1229|1230	897	998	1120	811	1070	941
1231|1232|1233|1234	898|899|900|901	999|1000|1001|1002	1121|1122|1123	812|813|814|815|816	1071|1072|1073	942|943
1235	902	1003	1124	817	1074	944
1236|1237|1238|1239	903|904	1004|1005|1006|1007	1125|1126|1127	818|819|820	1075|1076|1077|1078	945|946|947
1240|1241|1242|1243|1244|1245|1246|1247|1248|1249|1250|1251|1252	905|906|907|908|909|910|911	1008|1009|1010|1011|1012|1013|1014|1015	1128|1129|1130|1131|1132|1133|1134|1135|1136|1137	821|822|823|824	1079|1080|1081|1082|1083|1084|1085|1086|1087	948|949|950|951|952|953|954|955
1253|1254|1255|1256|1257|1258|1259|1260|1261|1262|1263|1264|1265	912|913|914|915|916|917|918|919	1016|1017|1018|1019|1020|1021|1022	1138|1139|1140|1141|1142|1143|1144	825|826|827|828	1088|1089|1090|1091|1092|1093|1094	956|957|958
1266|1267	920	1023	1145		1095	
1268|1269	921	1024	1146|1147	829	1096	959
1270|1271	922	1025|1026	1148|1149	830|831	1097|1098	960|961
1272|1273	923	1027|1028	1150|1151	832|833	1099|1100	962
1274|1275	924	1029|1030	1152|1153	834|835	1101|1102	963
1276|1277	925	1031	1154|1155|1156	836	1103|1104|1105	964|965
1278|1279|1280|1281|1282|1283|1284|1285	926|927|928|929	1032|1033|1034|1035|1036|1037	1157|1158|1159|1160|1161|1162|1163|1164	837|838|839|840|841|842|843	1106|1107|1108|1109|1110	966|967|968
1286|1287	930	1038	1165|1166|1167	844	1111|1112|1113	969
1288	931	1039	1168	845	1114	970
1289|1290|1291|1292	932|933	1040|1041|1042|1043	1169|1170|1171|1172	846|847	1115|1116|1117|1118	971|972|973|974
1293|1294	934	1044	1173	848	1119|1120	975
1295	935	1045	1174	849	1121	976
1296|1297	936	1046|1047	1175|1176	850|851	1122|1123	977
1298|1299	937	1048	1177	852	1124	978
1300|1301|1302|1303|1304|1305	938|939|940|941	1049|1050|1051|1052	1178|1179|1180|1181	853|854|855|856	1125|1126|1127|1128	979|980|981|982
1306	942	1053	1182	857	1129	983|984
1307	943|944	1054	1183|1184	858|859	1130|1131	985|986
1308|1309|1310	945|946	1055|1056|1057	1185|1186|1187	860|861	1132|1133	987|988|989
		1058				
1311|1312	947	1059	1188|1189	862	1134	990|991
1313|1314|1315	948|949|950|951	1060|1061|1062	1190|1191	863|864	1135|1136|1137	992|993
1316	952	1063	1192|1193	865	1138	994
1317|1318|1319	953|954	1064|1065	1194|1195	866|867	1139|1140	995|996
1320	955	1066	1196	868	1141	997
1321|1322	956	1067|1068	1197|1198	869|870	1142|1143	998|999
1323|1324	957	1069|1070	1199|1200	871	1144|1145	1000|1001
1325	958	1071	1201		1146	1002
1326|1327	959	1072|1073	1202|1203|1204|1205	872	1147|1148|1149|1150	1003|1004
			1206			
1328	960	1074	1207	873	1151	1005
1329|1330	961|962	1075|1076	1208|1209	874|875	1152	1006|1007
1331|1332	963	1077	1210	876	1153	1008
1333|1334|1335|1336	964|965	1078|1079|1080	1211|1212|1213	877|878|879	1154|1155|1156	1009
1337|1338|1339|1340	966|967	1081|1082	1214|1215	880|881	1157|1158	1010|1011
1341|1342		1083|1084	1216|1217	882	1159|1160	1012
1343|1344	968	1085|1086|1087	1218|1219|1220		1161|1162|1163	1013
1345|1346	969	1088|1089|1090	1221		1164	1014
1347|1348|1349|1350|1351	970|971|972	1091|1092|1093|1094	1222|1223|1224|1225|1226|1227	883|884|885	1165|1166|1167|1168|1169	1015|1016|1017|1018|1019
1352|1353|1354|1355|1356|1357|1358|1359|1360|1361|1362|1363|1364|1365	973|974|975|976|977|978|979	1095|1096|1097|1098|1099|1100|1101|1102|1103|1104	1228|1229|1230|1231|1232|1233|1234|1235|1236	886|887|888|889|890|891|892|893	1170|1171|1172|1173|1174|1175	1020|1021|1022|1023|1024|1025|1026|1027|1028
1366|1367	980	1105	1237	894|895|896	1176	1029
		1106				
1368	981	1107	1238	897		1030
1369|1370|1371|1372|1373|1374	982|983|984|985|986	1108|1109|1110|1111|1112|1113|1114	1239|1240|1241|1242|1243|1244|1245|1246	898|899|900|901|902	1177|1178|1179|1180	1031|1032|1033|1034|1035|1036
1375|1376|1377|1378|1379|1380|1381	987|988|989|990|991	1115|1116|1117|1118|1119	1247|1248|1249|1250|1251|1252|1253|1254	903|904|905|906|907|908|909	1181|1182|1183	1037|1038|1039|1040|1041
1382	992	1120	1255	910	1184	1042
1383|1384	993|994|995|996	1121	1256|1257	911	1185	1043
1385	997|998	1122	1258	912	1186	1044
1386|1387	999|1000|1001|1002	1123|1124	1259|1260	913	1187	1045|1046|1047
1388	1003	1125	1261	914	1188	1048
1389|1390	1004	1126|1127	1262|1263	915	1189|1190	1049|1050|1051|1052
						1053
1391	1005	1128	1264	916	1191|1192	1054|1055
1392	1006	1129	1265	917	1193	1056
1393	1007	1130	1266	918	1194|1195	1057
1394|1395|1396	1008|1009	1131|1132|1133|1134	1267|1268|1269|1270|1271	919|920	1196|1197|1198|1199	1058|1059|1060
					1200	
1397|1398|1399	1010|1011|1012	1135|1136|1137	1272|1273|1274|1275	921|922|923|924	1201|1202|1203|1204|1205	1061|1062|1063|1064
1400|1401|1402	1013|1014	1138|1139	1276|1277|1278|1279	925|926	1206|1207|1208|1209	1065|1066|1067|1068
			1280			
1403	1015	1140	1281|1282	927	1210|1211	1069
1404	1016	1141	1283	928	1212	1070
1405	1017	1142	1284|1285	929	1213|1214	1071|1072
1406|1407	1018	1143|1144|1145|1146	1286|1287	930|931	1215|1216	1073
1408|1409|1410	1019|1020	1147|1148|1149	1288|1289|1290	932|933	1217|1218|1219	1074|1075|1076
1411|1412	1021|1022|1023	1150|1151	1291|1292|1293	934	1220|1221|1222	1077
1413|1414|1415	1024|1025|1026|1027|1028	1152|1153|1154	1294|1295|1296|1297	935|936	1223|1224|1225	1078|1079|1080|1081
1416|1417|1418|1419|1420	1029|1030|1031|1032|1033|1034|1035	1155|1156|1157	1298|1299|1300|1301|1302|1303	937|938|939|940|941	1226|1227|1228|1229|1230|1231|1232|1233	1082|1083|1084
1421|1422|1423|1424|1425	1036|1037|1038	1158|1159|1160	1304|1305|1306	942|943|944	1234|1235|1236|1237|1238	1085|1086|1087
1426|1427|1428	1039|1040	1161|1162|1163	1307|1308|1309	945|946	1239|1240|1241	1088|1089
1429	1041	1164	1310	947	1242	1090
1430	1042	1165	1311	948	1243	1091
1431	1043	1166	1312	949	1244	1092
1432|1433	1044	1167|1168|1169	1313	950	1245	1093
1434|1435	1045	1170|1171|1172	1314	951	1246	1094
1436|1437	1046|1047	1173|1174	1315|1316	952	1247	
1438	1048|1049	1175|1176	1317	953|954	1248|1249	1095
1439	1050	1177	1318	955	1250	1096
1440	1051|1052	1178	1319	956	1251	1097
1441|1442|1443	1053	1179	1320|1321	957|958	1252|1253	1098|1099
1444|1445|1446|1447|1448|1449|1450|1451	1054|1055|1056|1057	1180|1181|1182|1183|1184	1322|1323|1324|1325|1326|1327	959|960|961|962|963	1254|1255|1256	1100|1101|1102|1103
1452|1453|1454|1455	1058|1059	1185|1186	1328|1329|1330|1331	964|965|966	1257|1258|1259|1260	1104|1105|1106
1456|1457|1458|1459|1460|1461|1462	1060|1061|1062	1187|1188|1189|1190	1332|1333|1334|1335|1336|1337|1338	967|968|969	1261|1262|1263|1264|1265	1107|1108|1109
1463|1464	1063	1191|1192	1339|1340	970|971	1266	1110
1465|1466	1064	1193|1194	1341|1342|1343	972	1267	1111|1112
1467	1065	1195	1344	973	1268	1113
1468|1469	1066|1067	1196	1345	974	1269	1114
1470	1068	1197	1346	975	1270	
1471|1472	1069	1198	1347|1348|1349	976	1271|1272|1273	1115
1473|1474	1070	1199	1350|1351		1274|1275|1276	1116
1475|1476|1477	1071|1072	1200|1201|1202	1352|1353|1354	977	1277|1278	1117|1118|1119
1478|1479|1480|1481|1482|1483|1484|1485|1486|1487|1488	1073|1074|1075|1076|1077|1078|1079|1080	1203|1204|1205|1206|1207|1208|1209	1355|1356|1357|1358|1359|1360|1361|1362	978|979|980|981|982	1279|1280|1281|1282|1283|1284|1285	1120|1121|1122|1123|1124|1125
1489|1490|1491|1492|1493|1494|1495	1081|1082|1083|1084	1210|1211|1212|1213|1214	1363|1364|1365|1366	983|984|985|986|987	1286|1287|1288|1289	1126|1127|1128|1129
1496|1497|1498|1499	1085|1086	1215|1216|1217	1367|1368|1369	988|989|990	1290	1130|1131
1500|1501	1087	1218	1370	991	1291	1132
1502|1503	1088	1219	1371			
1504|1505|1506|1507|1508|1509|1510|1511|1512|1513|1514|1515|1516|1517|1518|1519|1520|1521	1089|1090|1091|1092|1093|1094|1095|1096	1220|1221|1222|1223|1224|1225|1226|1227|1228|1229|1230|1231	1372|1373|1374|1375|1376|1377|1378|1379|1380|1381	992|993|994|995|996	1292|1293|1294|1295|1296|1297	1133|1134|1135|1136|1137|1138|1139|1140|1141|1142|1143|1144|1145
1522|1523	1097|1098|1099	1232|1233	1382|1383	997	1298|1299	1146|1147|1148
1524|1525	1100|1101|1102	1234|1235	1384|1385	998	1300|1301	1149|1150
1526	1103	1236	1386		1302	1151
1527|1528|1529|1530	1104|1105|1106|1107	1237|1238|1239|1240|1241	1387|1388|1389|1390|1391|1392	999	1303|1304	1152|1153|1154|1155
1531|1532|1533|1534|1535	1108|1109|1110	1242|1243|1244|1245|1246	1393|1394|1395|1396|1397	1000|1001	1305|1306|1307|1308|1309	1156|1157|1158|1159
1536	1111|1112	1247	1398		1310	1160
1537|1538|1539|1540|1541|1542	1113|1114|1115|1116|1117	1248|1249|1250|1251	1399|1400|1401|1402|1403	1002|1003|1004	1311|1312|1313|1314|1315|1316|1317	1161|1162|1163|1164|1165
1543|1544	1118|1119	1252	1404	1005	1318|1319|1320	1166|1167|1168
1545	1120|1121	1253|1254	1405	1006|1007	1321	1169
1546|1547|1548|1549	1122|1123	1255|1256|1257	1406|1407|1408|1409|1410	1008|1009	1322|1323|1324|1325	1170|1171|1172
1550|1551|1552	1124|1125	1258|1259	1411|1412|1413	1010	1326|1327	1173|1174
1553|1554|1555|1556|1557|1558|1559|1560|1561	1126|1127|1128|1129|1130|1131|1132|1133	1260|1261|1262|1263|1264|1265	1414|1415|1416|1417|1418|1419|1420|1421	1011|1012|1013|1014|1015	1328|1329|1330|1331|1332|1333	1175|1176|1177|1178
1562|1563|1564|1565|1566|1567	1134|1135	1266	1422|1423|1424|1425	1016|1017|1018	1334|1335|1336	1179|1180
1568|1569|1570|1571|1572|1573|1574|1575|1576	1136|1137|1138|1139|1140	1267|1268|1269|1270|1271	1426|1427|1428|1429	1019|1020	1337|1338|1339|1340|1341	1181|1182|1183|1184|1185
1577|1578	1141|1142	1272	1430|1431		1342	1186
1579|1580	1143	1273|1274	1432		1343	1187
1581|1582|1583|1584|1585|1586	1144|1145	1275|1276|1277|1278	1433|1434|1435|1436		1344|1345|1346|1347|1348	1188|1189|1190
1587|1588|1589|1590|1591	1146|1147	1279|1280|1281	1437|1438|1439|1440|1441	1021	1349|1350|1351|1352|1353	1191
1592|1593	1148	1282	1442	1022	1354	
1594|1595	1149	1283	1443|1444|1445	1023	1355|1356|1357|1358|1359	1192
1596	1150	1284	1446		1360	1193
1597|1598	1151	1285|1286	1447|1448	1024|1025	1361|1362	1194|1195
1599|1600	1152	1287	1449|1450|1451	1026	1363|1364|1365	1196
1601|1602|1603|1604	1153|1154	1288|1289|1290	1452|1453|1454	1027|1028	1366|1367|1368	1197|1198|1199|1200
1605|1606	1155	1291	1455	1029	1369	1201|1202
1607|1608	1156	1292	1456		1370	1203
1609|1610|1611|1612|1613|1614|1615	1157|1158|1159|1160|1161|1162|1163|1164|1165	1293|1294|1295|1296	1457|1458|1459|1460|1461|1462|1463	1030|1031|1032	1371|1372|1373|1374|1375	1204|1205|1206
1616|1617|1618	1166|1167	1297|1298	1464|1465	1033	1376|1377	1207
1619|1620	1168	1299	1466		1378	
1621|1622	1169|1170	1300|1301	1467|1468|1469	1034	1379|1380	
1623|1624	1171|1172	1302|1303	1470|1471|1472	1035	1381|1382	
1625|1626	1173	1304	1473		1383	1208
1627|1628	1174	1305|1306	1474|1475	1036	1384|1385	
1629|1630|1631|1632|1633|1634	1175|1176|1177	1307|1308|1309|1310	1476|1477|1478|1479|1480	1037|1038|1039	1386|1387|1388|1389	1209
1635|1636	1178	1311|1312	1481|1482	1040|1041	1390|1391	
1637|1638|1639|1640	1179|1180|1181	1313|1314|1315	1483|1484|1485|1486|1487	1042|1043|1044	1392|1393|1394	1210
1641|1642|1643|1644|1645|1646|1647|1648	1182|1183|1184|1185	1316|1317|1318|1319|1320|1321|1322	1488|1489|1490|1491|1492|1493|1494|1495	1045|1046|1047|1048|1049|1050	1395|1396|1397|1398|1399|1400|1401|1402|1403|1404	1211|1212
1649	1186	1323	1496	1051	1405	
1650|1651	1187	1324	1497	1052	1406	
1652|1653	1188	1325	1498	1053	1407|1408	
1654|1655	1189|1190|1191	1326|1327	1499|1500	1054|1055	1409	
1656|1657|1658	1192|1193	1328|1329	1501|1502|1503|1504	1056	1410|1411|1412	
1659|1660|1661	1194|1195|1196	1330|1331|1332	1505|1506|1507	1057	1413|1414	
1662|1663	1197|1198	1333|1334	1508|1509	1058	1415|1416	
1664|1665	1199	1335|1336	1510|1511|1512	1059	1417|1418	
1666|1667|1668|1669|1670|1671|1672|1673	1200|1201|1202|1203	1337|1338|1339|1340|1341	1513|1514|1515|1516|1517|1518	1060|1061|1062|1063|1064	1419|1420|1421|1422|1423	1213
1674|1675|1676|1677	1204|1205	1342|1343|1344|1345	1519|1520|1521|1522	1065	1424|1425|1426	1214
1678|1679|1680|1681|1682|1683|1684	1206|1207|1208|1209	1346|1347|1348|1349|1350|1351	1523|1524|1525|1526|1527|1528|1529|1530|1531|1532	1066|1067|1068|1069	1427|1428|1429|1430|1431|1432	1215|1216
1685|1686|1687	1210|1211	1352|1353|1354	1533|1534|1535|1536	1070	1433|1434	1217
1688|1689|1690|1691	1212|1213|1214|1215|1216	1355|1356|1357|1358|1359	1537|1538|1539|1540|1541	1071	1435|1436|1437|1438|1439|1440	1218
1692|1693|1694|1695|1696	1217|1218|1219|1220|1221|1222	1360|1361|1362|1363|1364	1542|1543|1544|1545|1546|1547|1548	1072	1441|1442|1443	1219|1220|1221
1697|1698	1223|1224	1365|1366|1367	1549|1550		1444|1445|1446	1222
1699|1700	1225	1368|1369	1551|1552	1073	1447|1448|1449	1223
1701|1702	1226	1370|1371	1553|1554	1074	1450|1451	1224
1703|1704|1705	1227|1228|1229|1230	1372|1373	1555|1556|1557	1075	1452|1453	1225|1226
1706|1707	1231	1374	1558|1559	1076	1454|1455	1227
1708	1232		1560	1077	1456	
1709|1710	1233	1375	1561|1562	1078|1079	1457|1458	
1711|1712|1713|1714	1234|1235|1236	1376|1377	1563|1564|1565|1566|1567|1568	1080|1081	1459|1460	1228|1229
1715|1716|1717|1718	1237|1238|1239|1240	1378|1379|1380	1569|1570|1571	1082	1461|1462|1463	1230|1231
1719|1720	1241	1381|1382	1572|1573	1083|1084	1464|1465|1466	1232|1233
1721|1722	1242|1243|1244	1383	1574|1575	1085|1086	1467|1468	1234|1235|1236
1723|1724	1245|1246	1384|1385	1576|1577	1087	1469|1470	1237|1238
1725	1247|1248	1386	1578	1088	1471|1472	1239
1726	1249	1387	1579	1089	1473	1240|1241
1727|1728|1729	1250|1251	1388|1389	1580|1581|1582|1583	1090|1091|1092	1474|1475	1242|1243|1244
1730	1252	1390	1584			1245
1731|1732	1253|1254	1391|1392	1585|1586	1093		1246|1247
1733|1734	1255|1256|1257|1258	1393|1394	1587|1588	1094		1248|1249|1250
1735|1736|1737|1738|1739	1259|1260|1261	1395|1396|1397|1398|1399|1400|1401	1589|1590|1591|1592|1593	1095|1096|1097	1476|1477	1251|1252|1253|1254|1255
				1098		
1740|1741	1262|1263|1264	1402	1594|1595|1596	1099	1478	1256
1742	1265	1403|1404	1597	1100	1479	1257|1258
1743	1266	1405	1598	1101	1480	1259
1744|1745	1267|1268|1269	1406	1599|1600	1102|1103	1481|1482|1483	1260
1746	1270|1271	1407	1601	1104	1484|1485	1261|1262
1747|1748	1272	1408|1409	1602|1603|1604	1105|1106	1486|1487|1488	1263|1264
1749|1750	1273|1274|1275	1410	1605|1606|1607	1107|1108|1109	1489|1490	1265|1266
