	sommer--ii-48	lanzarote-ii-48	fr111-ii-48	fr751-ii-48	inc-ii-48	micha-ii-48	lancellotto-ii-48
0	0	0	0	0	0	0
1|2	1|2|3	1|2	1|2	1	1|2	1|2
3	4	3	3	2	3	3
4	5	4	4|5	3	4	4|5
5|6|7	6|7	5|6	6|7|8	4|5	5|6	6|7|8
8|9	8	7	9|10	6	7|8|9	9|10
10	9	8	11	7|8	10|11	11|12
11	10	9	12	9	12|13	13|14
12	11	10	13	10|11	14	15|16
				12		
13|14	12|13	11	14|15	13	15	17
15	14|15	12	16|17	14	16	18|19
16|17	16|17|18|19	13|14	18|19	15	17|18	20|21
18	20	15	20	16	19	22
19|20	21|22	16	21	17|18|19	20	23
21	23|24	17	22	20	21	24
22	25	18	23	21	22	25
23	26|27	19	24|25	22	23|24	26|27
24	28	20	26	23	25	28|29
25	29	21	27	24	26	30
26	30	22	28	25	27	31
27|28	31	23	29|30	26|27	28	32
29|30|31|32|33	32|33|34|35	24|25|26|27	31|32|33	28|29|30|31	29|30|31|32|33	33|34|35|36|37
34	36|37	28|29	34|35	32|33	34|35	38|39
35	38	30	36	34	36	40
36	39	31	37	35	37	41
37	40	32	38	36	38	42
38	41	33	39|40	37	39	43|44
39	42	34	41|42	38	40	45|46
40	43|44	35	43|44	39	41	47|48
41	45|46	36	45	40	42	49
42|43|44	47|48	37|38	46|47|48	41|42|43	43|44|45|46	50|51|52|53
45	49|50	39	49	44	47|48	54
46	51|52	40	50	45|46	49	55|56
	53					
47	54	41	51	47	50	57
48	55	42|43	52|53	48	51|52	58|59
49|50	56|57|58	44	54|55|56	49|50|51	53|54|55	60|61
51	59	45	57|58	52	56|57	62
52|53	60|61	46	59|60	53|54	58|59	63|64
54	62	47	61	55	60	65|66
55	63	48	62	56	61	67
56	64	49	63	57	62	68
57	65	50	64	58	63	69
58	66	51	65	59	64	70|71
59	67	52	66	60	65	72
60	68	53	67	61	66	73
61	69	54	68	62	67	74
62	70	55|56	69	63	68|69	75|76
63	71	57	70	64	70	77
64	72	58		65	71	78
65	73|74	59		66|67	72	79
66	75|76	60|61		68	73|74	80|81
67	77	62		69	75	82
68	78	63		70	76	83
69|70	79	64	71	71	77	84
71|72	80	65|66	72	72	78|79	85
73|74	81|82	67|68|69	73|74	73|74	80	86|87|88|89
75|76	83	70	75|76	75|76	81|82|83	90|91
77|78	84|85	71	77|78	77	84|85	92|93|94
79	86	72	79	78	86	95
80	87|88	73	80	79	87	96
81|82|83|84	89|90|91|92	74|75|76|77	81|82|83	80|81|82	88|89|90|91|92|93	97|98|99|100
85	93	78	84		94	101
86|87|88	94|95|96	79|80|81	85|86|87	83|84	95|96	102|103|104
89|90|91	97|98|99|100	82|83	88|89	85|86	97|98|99|100|101|102	105|106|107|108
92	101	84	90	87	103|104	109|110
93	102	85	91	88	105|106	111|112
					107	
94|95	103|104|105	86|87|88	92	89|90	108|109|110	113|114|115
96|97	106|107	89|90	93	91	111	116|117
98	108|109	91	94	92	112	118
99	110	92	95	93	113	119
	111					
100	112|113	93	96|97	94	114|115	120|121
101|102	114|115	94|95	98	95	116|117	122|123|124|125
103|104|105|106|107	116|117|118|119|120|121	96|97|98|99|100|101|102|103	99|100|101|102|103	96|97|98	118|119|120|121|122	126|127|128|129|130|131|132|133|134|135|136|137|138|139|140|141|142
					123	
		104				
		105				
		106				
		107				
		108				
		109				
		110				
		111				
		112				
108|109	122	113|114	104|105	99|100	124|125	143|144|145
110|111|112|113	123|124|125	115|116|117|118	106|107|108|109	101|102	126|127|128|129	146|147|148|149
114	126	119	110		130	150
115	127	120	111	103	131	151
116	128|129	121	112	104	132	152
117	130	122	113	105	133	153
118	131	123	114	106	134	154
119	132|133	124	115|116	107	135|136	155
	134					
	135					
120	136|137	125|126	117|118	108|109	137|138	156|157
121|122|123|124	138|139|140|141	127|128|129|130	119|120|121|122	110|111	139|140|141|142|143|144	158|159
125|126	142	131|132|133	123|124|125	112|113	145|146|147	160|161|162
127	143	134	126	114	148	163
128|129|130|131|132	144|145|146	135|136|137|138|139	127|128|129|130|131|132|133	115|116|117|118	149|150|151|152|153	164|165|166|167|168
133|134|135|136|137	147|148|149	140|141|142	134|135|136	119|120|121	154|155|156|157	169|170|171|172
138	150|151	143	137	122	158	173
139|140|141	152|153	144|145	138|139|140|141	123|124	159|160|161|162	174|175|176|177
142|143	154|155|156	146|147|148	142|143	125|126	163	178|179
144|145|146	157|158	149|150|151	144|145	127|128|129	164|165|166	180|181|182
147|148|149|150	159|160	152|153|154	146|147|148	130|131|132	167|168|169|170|171	183|184|185|186|187
151	161	155	149	133	172	188|189
152	162	156	150|151	134	173	190|191
153	163|164	157	152	135|136	174	192
154|155	165	158	153	137	175|176	193|194
156|157	166	159	154	138	177	195
158	167	160|161	155	139|140	178|179	196|197
159	168	162	156	141	180|181	198|199
160|161	169|170|171	163|164	157|158	142	182|183	200|201|202
162	172|173	165|166	159|160	143|144	184|185	203|204
163|164	174	167|168	161|162|163	145|146	186|187	205|206
			164			
165	175|176	169|170	165|166	147	188|189	207|208
166	177	171	167	148	190	209
167|168	178	172|173	168|169|170	149|150	191|192	210|211
169|170|171	179|180	174|175|176	171|172	151|152|153	193|194	212|213
172	181	177	173	154	195	214
173	182	178	174	155	196	215
174|175	183	179	175|176|177	156|157	197|198	216|217
176	184	180	178|179	158	199	218
177	185	181	180|181	159	200	219
178	186	182	182|183	160	201	220|221
179	187	183	184	161	202	222
180|181	188|189|190	184	185|186	162	203|204|205	223|224
182	191|192	185|186	187	163	206	225
183|184	193|194	187	188|189|190|191	164|165	207|208	226|227
185|186	195	188|189	192|193	166|167	209|210	228|229
187	196	190	194	168	211	230
188|189	197|198	191	195|196	169|170	212	231|232|233
					213	
190	199	192	197	171	214|215	234|235
191	200|201	193	198	172	216	236
192|193	202	194|195	199|200	173|174	217|218	237|238
194|195	203	196	201	175|176	219	239
196	204	197	202	177	220	240
197	205|206	198	203	178	221	241
198|199|200	207|208	199|200	204|205	179|180|181	222|223	242|243
201	209	201	206	182	224	244
202	210	202	207	183	225	245
203	211	203	208	184	226	246
204	212	204	209	185	227	247
205	213	205|206	210|211	186|187	228|229	248|249
		207				
206|207	214|215	208	212|213	188|189	230|231|232	250|251|252
208|209	216	209	214	190|191	233|234	253
210|211	217	210|211|212	215|216|217	192|193	235|236	254|255|256
212|213	218|219|220|221	213|214|215|216	218|219|220	194	237|238|239|240|241	257|258|259|260
214	222	217|218	221|222		242|243	261|262
215|216	223|224|225|226	219|220	223|224	195	244|245	263|264|265
217	227|228	221	225	196	246	266
218	229	222	226	197	247	267
219	230	223		198	248	268
				199		
220|221	231|232	224|225	227	200|201	249|250|251|252	269|270|271
222	233|234	226	228	202	253|254	272|273
223	235	227	229	203|204	255	274|275
224	236	228	230	205	256	276
225	237	229	231	206	257|258	277|278
226	238	230	232	207	259	279
227|228	239		233	208	260|261|262	280|281|282
229|230	240|241|242	231	234	209	263	283
231|232|233|234	243|244|245	232|233|234	235|236|237|238	210|211|212	264|265|266|267|268	284|285|286|287|288
235|236	246	235|236	239|240	213|214	269|270|271	289|290
						291
237|238|239	247|248|249	237|238	241|242|243	215|216	272|273|274|275	292|293|294|295
240|241|242|243|244|245|246|247	250|251|252|253|254|255	239|240|241|242|243|244|245|246	244|245|246|247|248|249|250	217|218|219|220	276|277|278|279|280|281|282|283	296|297|298|299|300|301|302|303
					284	
248|249	256	247|248	251|252	221|222	285|286	304|305|306
250|251	257|258	249|250	253	223	287|288	307|308
252|253	259	251|252	254|255	224|225	289|290	309|310
254	260	253	256	226	291	311
255|256	261|262|263|264	254|255	257|258	227	292|293|294	312|313|314
257	265	256|257	259|260	228|229	295|296	315|316
258	266	258	261	230	297	317
259	267	259	262	231	298	318
260	268|269	260|261	263|264	232	299	319
261|262|263	270|271	262|263	265|266	233|234	300|301|302|303	320|321|322|323
264|265	272	264|265	267|268	235|236	304|305	324|325
266	273	266	269	237	306	326
267|268|269|270|271	274|275|276	267|268|269|270|271	270|271|272|273	238|239|240|241	307|308|309|310|311|312	327|328|329|330|331
272	277|278	272|273	274|275	242	313|314	332|333
273|274	279	274	276|277	243|244	315|316	334|335
275	280	275	278	245	317	336
276	281	276	279	246	318	337
277	282|283	277	280|281	247	319|320	338
278	284	278	282	248	321	339
279	285|286	279|280	283|284	249	322	340
280|281|282|283|284|285|286	287|288|289|290|291|292|293	281|282|283|284	285|286|287|288|289|290|291|292|293	250|251|252|253	323|324|325|326|327|328|329	341|342|343|344|345|346|347|348|349
				254		
287	294|295	285	294	255	330	350|351
288	296|297	286	295	256	331	352
289	298|299	287	296	257	332	353
290	300|301	288	297	258	333	354
291	302	289|290	298|299	259|260	334|335	355|356
					336	
292|293|294	303|304|305	291|292|293	300|301	261|262	337|338|339|340	357|358|359|360
295|296	306	294|295	302|303	263|264	341|342	361
297|298	307	296	304|305	265|266	343|344	362|363
299	308|309	297	306	267	345|346	364
300	310	298	307	268	347	365
301	311	299	308	269	348	366
302|303|304	312|313	300|301|302	309|310|311	270|271|272	349|350	367|368
305	314	303	312	273	351	369
306	315	304	313	274	352	370
307	316	305	314|315	275	353|354	371
308|309	317|318	306|307	316|317	276	355|356	372|373|374
310	319	308	318	277	357	375
311|312|313	320|321|322	309|310|311	319|320|321|322	278|279	358|359|360|361	376|377|378|379
314	323	312	323	280	362	380
315	324|325	313|314	324	281|282	363|364	381|382
			325			
			326			
316	326|327	315	327	283|284	365	383|384
317	328|329	316|317	328	285|286	366	385|386
318	330|331	318	329	287	367|368	387
319	332|333	319	330	288	369	388
320	334	320	331	289	370	389
321|322	335|336|337	321	332|333	290	371|372	390|391
323|324|325|326|327|328	338|339|340|341	322|323|324	334|335|336|337|338	291|292|293|294|295	373|374|375|376|377|378|379|380|381	392|393|394|395|396|397|398|399
329	342	325	339	296	382	400
330	343	326	340	297	383	401
331|332|333	344|345	327|328	341|342	298	384|385|386	402|403
334|335|336|337|338|339|340	346|347|348|349|350	329|330|331|332	343|344|345	299|300|301	387|388|389|390|391|392	404|405|406|407|408|409|410
341	351	333|334	346|347	302|303	393|394	411|412
342|343	352	335|336	348|349	304|305|306	395|396	413|414
344	353	337	350	307	397	415
345	354	338	351	308	398	416
346	355	339	352	309	399	417
347|348|349	356|357|358|359	340|341	353|354	310|311	400|401|402	418|419|420|421
350|351|352	360|361|362|363	342|343	355|356|357	312|313|314	403|404|405|406|407	422|423|424|425
353|354|355	364|365|366	344|345|346	358|359	315|316|317	408|409|410|411|412	426|427|428|429
356|357|358	367|368	347|348|349	360|361	318|319|320	413|414|415	430|431|432|433
					416	
359	369|370	350|351	362|363	321	417|418	434|435
360|361|362	371|372|373	352|353|354	364|365	322|323	419|420|421|422	436|437|438|439
363	374	355	366	324	423	440
364	375	356	367	325	424	441
365|366	376	357|358	368|369|370	326|327	425|426|427	442|443
367	377	359	371	328	428	444
368|369	378	360|361	372|373	329	429|430	445|446
370	379	362	374		431	447
371	380	363	375	330	432|433	448|449
372|373|374|375	381|382	364|365|366	376|377|378	331|332|333|334	434|435|436	450|451|452|453
376|377|378	383|384	367|368	379|380	335|336	437|438|439	454|455
379	385	369	381	337	440	456
380	386|387	370|371	382	338	441|442	457|458
381	388	372	383	339	443	459
382|383	389|390	373|374|375	384	340|341|342	444|445	460|461
384|385	391|392	376|377	385	343|344|345	446|447	462|463|464
386	393	378	386	346	448	465
387	394	379	387	347	449	466
388|389	395|396	380|381	388|389	348	450|451	467|468
390|391	397|398	382|383	390|391	349	452|453	469|470
392	399|400	384	392	350	454|455	471
			393			
393|394|395|396|397	401|402|403|404|405|406	385|386|387|388	394|395|396	351|352	456|457|458	472|473|474|475|476|477|478|479
398	407|408	389	397	353	459	480
399	409	390	398	354	460	481
400	410	391|392	399	355	461|462	482|483
401|402	411|412|413|414	393|394	400|401|402|403	356	463|464|465	484|485
	415					
	416					
403	417|418	395	404	357	466|467	486
					468	
404	419|420	396	405	358	469|470	487
405|406	421|422|423	397	406|407	359	471|472|473|474	488|489|490|491
407|408	424|425|426|427	398|399|400	408|409|410	360	475|476|477	492|493|494
					478	
			411			
409|410|411	428|429|430	401|402|403	412|413|414	361|362	479|480|481|482	495|496|497|498
412|413	431|432	404|405	415|416|417	363	483|484	499|500|501|502
414	433	406	418	364	485	503|504
415	434	407	419	365	486|487	505
416|417	435|436	408|409	420	366|367	488|489	506|507
418|419|420	437|438|439|440	410|411|412	421	368|369	490|491|492	508|509|510
421|422|423|424|425	441|442|443|444|445	413|414|415|416|417	422|423	370|371|372|373	493|494|495|496|497	511|512|513|514|515|516
426	446|447	418	424	374	498	517
427|428|429|430	448|449|450|451|452	419|420|421|422|423	425|426|427|428|429	375|376	499|500|501|502|503	518|519|520|521
431|432	453|454	424|425	430|431	377|378	504|505	522
433|434	455|456	426|427	432|433	379|380	506|507	523
435	457	428	434	381	508	524
436	458	429	435	382	509	525
437	459	430	436	383	510	526
438	460|461	431|432	437|438	384|385	511	527|528
439|440	462|463|464	433|434	439	386|387|388	512|513|514	529
441	465|466	435	440	389	515	530
442	467	436	441	390	516	531
443	468|469	437	442	391	517	532
444	470	438	443	392	518	533
445|446	471	439|440	444|445	393|394	519|520	534|535
447|448	472	441|442	446|447	395	521|522	536|537
449|450|451|452|453	473|474|475|476	443|444|445|446	448|449|450|451	396|397|398	523|524|525|526|527|528|529	538|539|540|541|542|543|544
454	477	447|448	452|453	399|400	530	545|546
						547
455|456	478|479	449	454	401	531|532|533	548|549|550
457|458	480|481	450	455|456	402|403	534|535	551|552
459	482	451|452	457	404	536	553
						554
						555
					537	
					538	
460	483	453|454	458	405|406	539|540	556|557
						558
					541	
					542	
461	484	455	459	407	543|544	559|560
462|463	485|486|487	456	460	408|409	545|546|547	561|562|563|564
464	488|489	457	461	410	548|549	565|566
465|466	490|491|492|493	458	462|463	411|412	550|551|552|553	567|568|569|570
467	494	459	464	413	554	571
468	495	460	465	414	555	572
469	496|497	461	466|467	415|416	556|557	573|574
470|471|472	498|499|500	462|463|464	468|469|470	417|418	558|559|560|561	575|576|577
473	501	465	471	419	562	578
474	502	466	472	420	563	579
475	503	467	473	421	564	580
476	504	468	474	422|423	565|566	581|582
477	505	469	475	424	567	583
478	506	470	476	425	568	584
479|480	507|508	471	477|478	426|427	569|570	585
481|482	509|510	472|473	479	428|429	571|572	586|587
483|484	511|512	474|475	480|481	430	573|574|575	588|589|590
485|486	513|514	476	482|483	431|432	576	591
487|488	515|516	477	484	433	577	592
489|490	517	478|479	485|486	434|435	578|579	593|594
491|492|493	518	480|481	487|488	436|437	580|581	595|596
494	519|520	482	489	438	582	597
495|496	521|522	483|484	490	439|440	583|584	598|599|600
497|498	523|524|525|526	485	491|492	441	585	601
499|500	527|528|529	486	493	442	586	602|603|604|605
501|502	530|531	487	494	443|444	587|588	606|607
503|504	532	488|489	495|496	445|446	589|590	608|609
505|506	533	490|491	497	447	591|592	610|611
507	534	492	498	448	593	612
508	535	493	499	449	594	613
509|510	536|537|538	494	500|501|502	450	595|596	614|615|616|617
511	539	495		451		618|619
				452		
		496				
512|513	540	497|498	503|504	453|454	597|598	620|621
514|515|516	541|542	499|500	505	455|456	599|600	622|623|624
517	543|544	501	506	457	601	625
518	545|546	502	507	458	602	626
519	547	503	508	459|460	603	627|628
520|521	548|549	504|505	509|510	461	604|605	629|630|631|632
522	550	506	511	462	606	633|634
523	551|552	507	512	463	607	635
524	553	508	513	464	608	636
525	554|555	509	514	465	609	637
526	556	510	515	466	610	638|639
527	557|558	511	516	467	611	640
528	559|560	512	517	468|469	612|613	641
529	561|562	513	518	470	614|615	642|643
530	563	514	519	471	616	644
531|532|533|534	564|565|566	515|516|517|518	520|521	472|473|474|475	617|618	645|646|647|648
535|536	567	519|520	522|523	476|477	619|620|621	649|650|651
537	568|569	521|522	524|525	478	622|623	652|653
						654
					624	
					625	
538	570|571	523|524	526|527	479|480	626|627	655|656
						657
539|540	572|573|574	525	528	481	628	658|659|660
541	575	526	529	482	629	661
542|543	576	527|528|529	530|531	483|484	630|631	662|663
544	577|578	530	532	485	632|633	664
545	579|580	531	533	486	634	665
546	581|582	532	534		635|636	666|667
547	583	533	535	487	637	668|669
548	584	534	536	488	638	670
549	585	535	537	489	639	671
		536				
550	586|587	537	538	490	640|641	672|673
551	588	538	539	491	642	674
552	589	539	540	492	643|644	675|676
553	590	540	541	493	645|646	677
554	591|592	541|542	542	494	647|648	678|679
555	593	543	543	495	649	680
556|557	594	544	544|545|546	496	650|651|652	681|682|683
558	595	545	547	497	653	684
559|560|561|562|563	596|597|598|599|600|601	546|547	548|549|550	498|499|500	654|655|656|657|658	685|686|687|688|689
564|565	602|603	548|549	551	501|502	659|660	690|691|692
566|567	604	550|551|552	552|553	503|504	661|662|663	693|694|695
568	605	553	554	505	664	696
569	606	554	555|556	506|507	665	697
570|571	607|608|609	555|556	557	508	666|667	698|699|700
572|573	610	557	558	509	668	701
574|575	611|612	558|559	559|560	510	669|670	702
576|577	613|614	560	561	511|512	671|672|673	703
578	615|616	561|562	562|563	513|514	674|675	704|705
579|580	617|618	563|564	564|565	515	676|677	706|707
581|582	619|620	565|566	566|567|568	516	678|679	708|709|710
583|584|585	621|622	567|568	569|570|571	517|518	680|681|682	711|712|713
586	623|624	569	572	519	683	714
587|588	625|626|627|628	570|571|572|573	573|574|575	520	684|685|686|687|688|689	715|716|717|718
589	629|630	574|575	576|577	521|522	690|691	719|720
					692	
590|591|592	631|632|633	576|577	578|579|580	523|524	693|694|695|696	721|722|723|724
593|594	634|635	578|579|580	581|582|583	525	697|698	725|726|727|728
595	636	581	584	526	699	729|730
596	637	582	585	527	700	731
597	638	583	586	528	701	732
598|599	639	584|585	587|588	529|530	702|703	733|734|735
600	640	586	589	531	704	736|737
601	641	587	590	532	705	738
602|603|604	642|643	588|589|590	591|592	533|534|535	706|707|708	739|740|741|742
605	644	591|592	593	536	709|710	743|744
606|607	645	593|594	594|595|596	537|538	711|712	745|746
608|609	646|647|648	595|596	597|598	539	713|714	747|748
610	649|650	597|598	599	540|541	715|716	749|750
611|612|613|614	651|652|653|654	599|600	600|601	542|543	717|718|719|720|721|722|723	751|752|753|754|755
615|616	655|656|657	601|602	602|603|604	544	724|725|726	756|757|758
617	658	603	605	545	727|728	759
618|619	659	604|605	606|607	546|547	729|730	760
620	660|661	606	608	548	731	761
621	662	607	609	549	732	762
622	663	608	610	550	733|734	763|764
623	664|665	609	611	551	735|736	765|766
624	666	610	612	552	737	767
625	667	611	613	553	738	768
626|627	668|669	612	614	554	739|740	769|770
628	670	613	615	555	741	771
629|630	671|672	614|615	616|617	556|557	742|743	772
631|632	673|674	616|617|618	618|619	558	744|745|746	773|774|775
633|634	675|676|677	619	620|621|622	559|560	747|748|749	776|777|778
635|636	678	620|621|622	623	561	750|751|752	779|780|781
637|638	679|680	623|624	624|625|626	562	753|754|755|756	782|783|784
639|640|641	681|682	625|626	627|628|629	563|564	757|758	785|786
642|643	683|684	627	630	565	759|760|761	787|788
644|645|646	685|686	628|629|630|631	631|632|633|634	566|567|568	762|763|764|765|766	789|790|791|792
647	687	632	635	569|570	767|768	793
648	688	633|634	636|637	571	769	794|795
						796
						797
649|650	689|690	635	638|639	572|573	770|771	798|799
651	691	636|637	640|641	574	772|773	800|801
652	692	638	642	575	774	802
653|654	693	639	643	576	775|776	803|804
655	694		644	577	777	805
656	695	640	645	578	778	806
657	696	641	646	579	779	807
658|659|660|661	697|698|699|700	642|643|644	647|648|649	580|581	780|781|782|783|784|785	808|809|810
662	701	645	650	582	786	811
663|664	702|703	646|647	651|652	583	787|788	812|813
665|666|667|668	704|705|706|707	648|649|650|651	653|654|655	584|585|586	789|790|791|792	814|815|816|817
669|670	708	652	656	587	793	818
671|672	709	653|654	657|658	588	794|795	819|820
673	710	655	659	589	796	821
674|675	711	656	660|661	590|591	797|798	822|823
676|677	712|713	657	662	592	799|800	824|825
678	714	658	663	593	801	826
679|680	715	659	664	594	802|803	827|828
681|682|683	716|717	660|661|662	665|666|667	595|596	804|805|806	829|830|831
684|685	718|719	663|664	668	597	807|808|809	832|833|834
686	720	665	669|670	598	810	835
687	721	666	671|672	599	811	836
688|689|690|691|692	722|723|724|725	667|668|669|670|671	673|674|675|676|677	600|601	812|813|814|815|816	837|838|839|840
693	726|727	672	678	602	817	841|842
694	728	673	679	603	818	843
695|696|697	729|730	674|675|676	680|681	604|605	819|820|821|822	844|845
698|699	731|732|733	677|678|679|680	682|683|684|685	606	823|824|825|826	846|847|848|849|850
					827	
					828	
700	734	681	686	607	829	851
701|702	735	682|683	687|688	608|609	830|831	852|853
703	736	684	689		832|833	854|855
704	737	685	690		834	856
705|706|707	738|739|740	686|687|688|689	691|692	610|611	835|836|837|838|839|840|841	857|858|859|860|861|862
708	741|742	690	693|694	612	842|843	863|864
709|710	743|744|745	691	695|696	613|614	844|845	865|866
711	746|747	692|693	697	615	846	867
712	748	694	698	616	847	868
713|714|715	749|750	695|696|697	699|700	617|618	848|849|850|851	869|870|871|872
716|717	751|752|753	698|699|700	701|702	619	852|853|854|855	873|874|875
718|719	754|755	701|702	703|704	620	856|857|858	876|877
720|721	756|757	703|704	705|706	621	859|860	878|879|880
722	758	705	707	622	861	881
723|724	759	706|707	708|709	623	862|863|864	882|883
725	760|761	708|709	710	624	865|866	884|885
726	762	710	711	625	867	886|887
					868	
727|728|729|730	763|764|765|766|767	711|712	712|713|714|715	626|627|628	869|870|871|872|873|874|875|876	888|889|890|891|892
731	768	713	716	629	877	893
732|733|734|735	769|770	714|715|716|717	717|718|719	630|631	878|879|880	894|895|896
736|737|738|739|740	771|772|773|774|775	718|719|720|721|722	720|721|722|723|724	632|633	881|882|883|884|885	897|898|899|900|901
741|742|743	776|777|778	723|724	725|726|727|728	634	886|887|888|889	902|903|904|905
744	779	725	729		890	906
745|746	780|781|782|783|784	726|727	730|731	635	891	907|908
747|748	785|786	728|729	732|733	636	892|893	909|910
749	787	730|731	734	637	894	911
750	788|789	732|733	735|736	638	895|896	912
751	790	734	737	639	897	913
752	791	735	738	640	898	914
753|754	792|793	736|737	739|740	641	899|900	915|916
755|756|757|758	794|795|796|797|798|799|800|801	738|739|740|741	741|742|743|744|745	642|643	901|902|903|904|905	917|918|919
759	802|803	742	746		906	920
760|761	804|805|806|807	743|744|745|746	747|748|749|750|751	644	907|908	921|922|923|924
762	808	747	752	645	909	925|926
763|764|765|766|767	809|810|811	748|749|750|751	753|754|755|756|757|758	646|647|648	910|911|912|913	927|928|929|930
768|769	812	752|753	759	649	914	931|932
770|771|772|773	813|814	754|755|756|757|758	760|761|762|763	650|651	915|916|917|918	933|934|935|936|937|938
774|775	815	759|760	764|765	652|653	919|920	939|940
		761				
776|777	816|817|818	762|763	766|767|768	654	921|922	941|942|943
778	819	764	769	655	923	944
779	820	765	770	656	924	945
780|781|782	821|822	766|767|768	771|772|773	657	925|926|927	946|947|948
783	823	769	774	658	928	949
784	824	770	775	659	929	950
785	825|826	771|772	776	660	930	951
786|787	827|828|829	773	777|778	661|662	931|932	952|953
788	830	774	779	663	933	954
789	831	775	780		934	955
790|791|792|793|794	832|833|834|835|836	776|777|778	781|782|783|784|785	664|665|666	935|936|937|938|939	956|957|958
795|796	837	779|780	786|787	667	940|941	959|960
797|798|799|800	838|839	781|782|783	788|789|790|791	668|669	942|943|944|945	961|962|963
801	840	784	792|793	670	946	964
802	841	785	794	671	947	965
803|804	842	786|787	795|796	672	948|949	966|967
	843					
805|806|807	844|845|846|847|848|849	788	797	673	950	968|969
808|809	850|851|852	789|790	798	674|675	951|952	970|971
810|811|812	853|854|855|856|857	791|792|793	799|800|801|802	676	953|954|955|956	972|973|974
813	858|859	794	803	677	957	975
814	860	795|796	804	678|679	958	976|977
815|816	861|862	797|798	805|806	680|681	959|960	978
817	863|864	799	807	682	961	979|980
	865					
	866					
	867					
818	868|869	800	808	683	962	981
	870					
	871					
	872					
	873					
	874					
	875					
	876					
	877					
819	878|879	801|802	809|810	684	963|964	982|983
820	880	803	811	685	965	984
821|822|823	881|882|883	804|805	812|813|814	686|687	966|967	985|986|987
824		806	815	688	968	988
825|826|827|828|829|830|831|832	884|885|886	807|808|809|810|811|812	816|817|818|819|820	689|690|691|692|693	969|970|971|972|973|974|975|976|977	989|990|991|992|993|994|995
833		813	821	694	978	996|997
834|835|836|837	887|888	814|815|816|817	822|823|824|825	695|696|697	979|980|981|982	998|999|1000|1001|1002|1003|1004
838	889	818	826	698|699	983	1005
839|840	890	819	827|828	700	984	1006|1007
841|842	891	820|821	829|830	701	985|986	1008|1009
843|844	892	822|823	831|832	702|703|704	987|988	1010|1011
		824				
845|846|847	893|894	825|826|827	833|834	705|706	989|990|991	1012|1013|1014|1015
848|849|850|851	895|896	828|829|830|831|832	835|836|837	707|708|709	992|993|994|995	1016|1017|1018|1019|1020|1021
852	897	833	838	710	996	1022|1023
853	898	834|835	839|840	711|712	997	1024|1025
854	899	836	841	713	998	1026
855|856|857|858	900|901|902	837|838|839|840	842|843|844	714|715	999|1000|1001|1002	1027|1028|1029|1030
859|860|861	903|904|905	841|842|843	845|846|847	716|717	1003|1004|1005	1031|1032|1033
862	906|907	844|845	848|849	718	1006|1007	1034|1035
863|864	908	846|847|848	850|851|852	719|720|721	1008|1009|1010	1036|1037|1038|1039
865|866	909	849|850	853|854|855	722|723|724	1011|1012	1040|1041
867	910|911	851	856	725	1013	1042
	912					
	913					
	914					
	915					
	916					
868|869|870	917|918|919|920	852|853	857|858|859|860	726|727	1014|1015|1016	1043|1044|1045
871|872	921|922	854|855	861	728|729	1017|1018|1019	1046|1047
873	923	856|857	862|863	730	1020	1048|1049
					1021	
874	924|925	858	864	731	1022	1050|1051
875	926	859	865	732	1023	1052
876|877	927	860|861	866|867	733|734	1024|1025	1053|1054
878|879|880	928|929	862|863	868|869	735|736	1026|1027	1055|1056
881|882	930	864|865	870|871	737|738	1028|1029	1057|1058
883	931	866	872	739	1030	1059
884	932|933	867|868	873	740	1031	1060|1061
885	934	869	874|875	741	1032	1062
886|887|888|889|890	935|936|937|938|939|940	870|871|872	876|877|878|879|880|881	742|743|744|745|746|747|748|749	1033|1034|1035|1036|1037|1038|1039|1040|1041|1042	1063|1064|1065|1066|1067|1068|1069
891	941|942	873	882	750|751	1043	1070
892	943|944	874	883	752	1044	1071|1072
						1073
						1074
893	945|946	875	884	753|754	1045	1075|1076
894|895	947	876|877	885	755|756	1046|1047	1077|1078
896	948|949	878	886	757	1048	1079
897|898	950	879	887	758|759	1049	1080|1081
899|900	951|952	880|881|882	888|889	760|761	1050|1051	1082
901|902	953|954	883|884	890|891	762	1052|1053	1083|1084|1085
903	955|956	885	892|893	763|764	1054|1055	1086|1087
904	957	886|887	894|895	765	1056|1057	1088|1089
905	958	888	896|897	766|767	1058	1090
906|907	959	889	898	768	1059	1091|1092|1093|1094
908		890	899	769	1060	1095
909|910	960|961	891	900|901	770|771	1061|1062	1096|1097|1098
911	962	892	902	772	1063	1099|1100
912	963	893|894	903|904	773|774	1064|1065	1101|1102
						1103
913|914	964|965	895|896	905|906	775|776	1066|1067	1104
915	966	897	907	777	1068	1105
916|917	967|968|969	898|899	908|909	778	1069|1070	1106|1107
918|919|920	970|971|972	900|901	910|911|912	779|780|781	1071|1072|1073	1108|1109|1110|1111
						1112
						1113
921	973	902	913	782	1074	1114|1115
922	974	903	914	783	1075	1116
923	975	904	915	784	1076	1117
924	976	905	916	785	1077	1118
925	977|978	906	917	786	1078	1119
926|927	979|980	907|908	918|919|920	787	1079|1080	1120
928	981	909	921	788	1081	1121
929|930	982	910	922	789	1082|1083|1084	1122|1123|1124
931	983	911|912	923	790	1085|1086	1125|1126
932	984	913	924|925	791	1087	1127|1128
933|934	985|986|987	914	926|927	792|793	1088|1089|1090	1129|1130|1131
935	988	915	928	794	1091|1092	1132|1133
936|937	989	916|917	929|930	795	1093|1094|1095	1134|1135|1136
938	990	918	931	796	1096	1137
	991					
939	992	919	932	797	1097	1138
940	993	920	933	798	1098	1139
941	994	921	934	799	1099	1140
942	995	922	935	800	1100	1141
943|944	996	923|924	936	801|802	1101|1102|1103	1142|1143|1144
945|946	997|998	925|926	937|938	803	1104|1105|1106	1145|1146|1147
947	999	927	939	804	1107	1148|1149
948	1000|1001	928	940|941	805|806	1108|1109	1150|1151
						1152
949	1002	929	942	807	1110|1111	1153|1154
950	1003	930	943	808	1112	1155
951	1004	931	944	809|810	1113|1114	1156|1157
952	1005	932	945	811	1115|1116	1158|1159
953|954|955|956|957	1006|1007|1008|1009|1010	933|934|935|936	946|947|948	812|813|814|815	1117|1118|1119|1120|1121|1122	1160|1161|1162|1163|1164|1165
958	1011|1012	937	949	816	1123|1124	1166
959|960	1013	938|939	950|951	817	1125|1126	1167|1168
961	1014	940	952|953	818	1127	1169
962	1015	941	954	819	1128	1170
963|964	1016|1017	942|943	955|956	820	1129|1130	1171|1172|1173
965|966	1018|1019|1020	944|945	957|958|959	821	1131|1132|1133|1134	1174|1175|1176|1177
967	1021	946	960	822	1135	1178
968|969	1022|1023|1024|1025	947|948	961	823	1136|1137|1138	1179|1180|1181
970	1026	949	962	824	1139	1182
971|972|973	1027|1028	950|951	963|964	825|826	1140|1141	1183|1184
974	1029	952	965	827	1142	1185
975	1030	953	966	828	1143	1186
976|977	1031	954|955	967|968		1144|1145	1187|1188
978|979|980|981|982	1032|1033|1034	956|957|958|959|960|961	969|970|971|972|973	829|830|831	1146|1147|1148|1149|1150|1151	1189|1190|1191|1192|1193
983	1035	962	974	832	1152	1194
984	1036	963	975	833	1153	1195
985|986|987|988	1037|1038|1039|1040	964|965|966|967	976|977|978	834|835	1154|1155|1156|1157|1158	1196|1197|1198|1199
989|990	1041|1042|1043	968|969	979|980	836	1159|1160	1200|1201
991	1044|1045	970	981	837	1161	1202
992|993|994	1046|1047	971|972|973	982|983	838|839	1162|1163|1164	1203|1204
995	1048	974	984	840	1165	1205
996|997|998|999	1049|1050|1051|1052	975|976|977	985|986|987|988	841|842	1166|1167|1168|1169	1206|1207|1208|1209
1000	1053	978	989	843	1170	1210
1001	1054|1055	979	990	844	1171	1211
1002	1056	980	991	845	1172	1212
1003	1057	981	992	846	1173	1213
1004	1058	982	993	847	1174	1214
1005	1059	983	994	848	1175	1215
1006	1060	984	995	849	1176	1216
1007	1061|1062	985	996	850	1177	1217
1008	1063	986	997	851	1178	1218
1009|1010|1011|1012|1013|1014|1015	1064|1065|1066|1067	987|988|989|990|991	998|999|1000|1001|1002|1003	852|853|854|855	1179|1180|1181|1182|1183|1184	1219|1220|1221|1222|1223|1224
1016|1017|1018|1019|1020|1021	1068|1069|1070	992|993|994|995|996|997|998	1004|1005|1006|1007|1008|1009	856|857|858|859|860	1185|1186|1187|1188|1189	1225|1226|1227|1228|1229
1022	1071	999	1010		1190	1230
1023|1024|1025|1026|1027	1072|1073|1074	1000|1001|1002|1003	1011|1012|1013|1014	861|862|863	1191|1192|1193|1194|1195	1231|1232|1233|1234
1028	1075	1004	1015	864	1196	1235
1029	1076|1077	1005	1016	865	1197	1236
1030	1078	1006|1007	1017|1018	866	1198	1237
1031|1032	1079|1080|1081	1008|1009	1019|1020	867	1199|1200|1201	1238|1239|1240
1033	1082|1083	1010	1021	868	1202	1241|1242
1034|1035	1084	1011|1012|1013	1022|1023	869|870	1203|1204|1205	1243|1244|1245|1246
1036|1037	1085|1086|1087|1088	1014	1024|1025	871|872	1206|1207	1247|1248|1249
1038	1089|1090	1015	1026	873	1208	1250
1039|1040	1091|1092	1016|1017	1027|1028	874	1209|1210	1251|1252
1041	1093	1018	1029	875	1211	1253|1254
						1255
					1212	
					1213	
				876		
			1030			
		1019				
	1094					
1042	1095|1096	1020	1031|1032	877|878	1214|1215	1256|1257
						1258
						1259
1043	1097|1098	1021|1022	1033|1034	879|880	1216|1217	1260|1261
						1262
		1023				
1044	1099	1024|1025	1035|1036	881|882	1218|1219	1263|1264
			1037			
1045	1100	1026|1027	1038	883|884	1220	1265|1266
1046	1101	1028	1039	885|886	1221	1267
1047	1102|1103	1029	1040	887|888	1222	1268
					1223	
			1041			
		1030				
1048|1049|1050|1051	1104|1105|1106|1107	1031|1032	1042|1043|1044	889|890	1224|1225|1226|1227	1269|1270|1271|1272
1052	1108	1033	1045	891	1228	1273
1053	1109|1110	1034	1046	892	1229	1274
1054|1055|1056|1057|1058	1111|1112|1113|1114|1115|1116|1117|1118	1035|1036|1037|1038|1039|1040	1047|1048|1049|1050|1051|1052	893|894|895	1230|1231|1232|1233|1234|1235	1275|1276|1277|1278|1279|1280|1281|1282
					1236	
					1237	
1059|1060|1061|1062	1119|1120|1121|1122	1041|1042|1043	1053|1054|1055|1056|1057|1058	896|897|898	1238|1239|1240|1241|1242|1243|1244|1245|1246	1283|1284|1285|1286
1063	1123|1124	1044	1059|1060	899	1247|1248	1287|1288
	1125					
1064|1065	1126	1045|1046|1047	1061|1062	900|901	1249|1250	1289|1290
1066|1067|1068|1069	1127|1128|1129	1048|1049|1050	1063|1064|1065|1066	902|903	1251|1252|1253|1254	1291|1292
1070	1130|1131	1051	1067	904	1255	1293
1071|1072|1073|1074|1075	1132|1133|1134|1135	1052|1053|1054	1068|1069|1070|1071	905|906|907	1256|1257|1258|1259	1294|1295|1296|1297|1298
1076	1136|1137	1055	1072|1073	908|909	1260|1261	1299|1300
1077	1138|1139	1056	1074	910	1262|1263	1301|1302
1078	1140|1141	1057	1075	911	1264	1303
1079	1142|1143	1058	1076	912	1265	1304
1080	1144|1145	1059	1077	913	1266	1305
1081	1146	1060	1078	914	1267	1306
1082	1147|1148	1061|1062	1079|1080	915	1268|1269	1307|1308
1083	1149	1063	1081	916	1270	1309
1084	1150	1064	1082	917	1271	1310
1085|1086	1151|1152	1065|1066	1083|1084	918|919	1272|1273	1311
1087	1153	1067	1085	920	1274|1275	1312|1313
1088	1154	1068	1086	921	1276	1314
1089|1090|1091	1155|1156|1157|1158	1069|1070	1087|1088	922|923	1277|1278|1279|1280	1315|1316|1317
1092|1093	1159|1160|1161|1162	1071|1072	1089|1090	924	1281|1282	1318|1319|1320|1321
1094	1163|1164	1073	1091	925	1283	1322|1323
1095	1165	1074	1092	926	1284	1324|1325
					1285	
			1093			
		1075				
1096|1097	1166|1167|1168	1076	1094|1095|1096	927	1286|1287|1288	1326|1327|1328
1098	1169|1170	1077|1078	1097	928	1289|1290	1329|1330
1099	1171|1172	1079	1098	929	1291	1331
1100	1173	1080	1099	930	1292	1332
1101	1174|1175	1081	1100	931	1293	1333
1102	1176	1082	1101	932	1294	1334
1103|1104|1105|1106|1107	1177|1178|1179	1083|1084|1085|1086	1102|1103|1104|1105|1106	933|934|935	1295|1296|1297|1298|1299	1335|1336|1337
1108|1109|1110|1111	1180|1181|1182|1183	1087|1088|1089	1107|1108|1109	936|937	1300|1301|1302	1338|1339|1340
1112|1113	1184|1185	1090|1091	1110|1111	938	1303|1304	1341|1342
1114	1186|1187	1092	1112|1113	939	1305	1343
1115	1188|1189	1093	1114	940	1306	1344
1116|1117	1190|1191	1094|1095	1115|1116	941|942	1307|1308	1345
1118	1192	1096	1117	943	1309|1310	1346|1347
					1311	
1119	1193|1194	1097	1118	944	1312|1313	1348|1349
1120|1121	1195	1098|1099	1119|1120	945|946	1314|1315	1350|1351
1122	1196	1100	1121	947	1316	1352
1123|1124	1197|1198	1101|1102|1103	1122|1123	948	1317|1318	1353|1354
1125|1126|1127|1128	1199|1200|1201|1202|1203|1204	1104|1105|1106	1124|1125	949|950|951	1319|1320|1321	1355|1356|1357
1129	1205|1206	1107	1126|1127	952	1322|1323	1358|1359
1130	1207|1208	1108	1128|1129	953	1324	1360|1361
1131|1132	1209|1210	1109|1110	1130|1131	954	1325|1326|1327	1362|1363|1364|1365
1133	1211	1111|1112	1132|1133		1328|1329	1366
1134|1135	1212|1213|1214|1215	1113|1114|1115	1134|1135|1136	955	1330|1331|1332	1367|1368|1369
1136	1216	1116	1137	956	1333	1370
1137	1217|1218	1117|1118	1138	957|958	1334|1335	1371
				959		
1138	1219|1220	1119|1120	1139|1140	960|961	1336|1337	1372
			1141			
1139	1221|1222	1121|1122	1142|1143	962|963	1338|1339	1373|1374
					1340	
			1144			
1140	1223|1224	1123|1124	1145|1146	964|965	1341|1342	1375|1376
					1343	
					1344	
			1147			
		1125				
		1126				
		1127				
1141	1225	1128|1129	1148	966|967	1345|1346	1377|1378
1142|1143	1226|1227|1228	1130|1131	1149|1150|1151	968	1347	1379|1380|1381|1382
1144	1229|1230	1132	1152	969	1348	1383|1384
1145|1146	1231|1232	1133	1153|1154	970	1349|1350	1385|1386
1147|1148|1149|1150	1233|1234	1134|1135|1136|1137	1155|1156|1157	971|972|973	1351|1352|1353	1387|1388|1389
1151	1235	1138	1158	974	1354	1390|1391
1152|1153|1154	1236|1237|1238	1139|1140|1141|1142	1159|1160|1161|1162	975|976	1355|1356|1357|1358	1392|1393|1394|1395
1155|1156	1239|1240|1241	1143|1144	1163|1164|1165	977	1359|1360	1396|1397|1398
1157|1158|1159|1160	1242|1243|1244	1145|1146	1166|1167|1168	978|979	1361|1362|1363	1399|1400|1401|1402
1161	1245	1147	1169	980	1364	1403
1162	1246|1247	1148	1170	981	1365	1404|1405
1163|1164	1248|1249	1149	1171	982	1366	1406|1407|1408
1165	1250	1150	1172	983	1367	1409|1410
1166	1251|1252	1151	1173	984	1368	1411|1412
1167|1168|1169	1253|1254	1152|1153|1154|1155	1174|1175|1176	985|986	1369|1370|1371	1413|1414|1415|1416
1170|1171	1255	1156|1157|1158	1177|1178	987|988	1372|1373	1417|1418
1172|1173|1174	1256|1257	1159|1160	1179|1180|1181	989|990|991	1374|1375	1419|1420|1421|1422
1175|1176|1177	1258|1259	1161|1162	1182|1183|1184	992|993	1376|1377|1378	1423|1424|1425
1178|1179|1180|1181|1182	1260|1261|1262|1263|1264	1163|1164|1165|1166	1185|1186|1187|1188	994|995	1379|1380|1381|1382|1383	1426|1427|1428|1429|1430
1183|1184|1185|1186|1187	1265|1266|1267|1268	1167|1168|1169	1189|1190|1191|1192	996|997|998	1384|1385|1386|1387|1388	1431|1432|1433
1188|1189	1269|1270|1271|1272	1170|1171	1193|1194|1195	999	1389|1390	1434
1190	1273	1172	1196	1000	1391	1435|1436
1191	1274	1173	1197	1001	1392	1437
1192|1193|1194	1275|1276	1174|1175|1176	1198|1199|1200	1002|1003	1393|1394|1395	1438|1439|1440
1195|1196	1277|1278	1177|1178	1201|1202	1004	1396|1397	1441|1442
1197	1279	1179	1203	1005	1398	1443
1198	1280	1180	1204	1006	1399|1400	1444
					1401	
1199	1281|1282	1181|1182	1205	1007|1008	1402|1403	1445|1446
1200	1283	1183	1206|1207	1009	1404|1405	1447
1201	1284	1184	1208	1010	1406	1448
1202	1285	1185|1186	1209	1011	1407	1449
1203	1286	1187|1188	1210	1012	1408	1450
1204	1287	1189|1190	1211	1013	1409	1451
1205|1206	1288	1191|1192	1212|1213	1014|1015	1410|1411|1412	1452|1453
1207|1208|1209|1210	1289|1290|1291|1292|1293	1193|1194|1195	1214|1215|1216|1217	1016|1017|1018|1019	1413|1414|1415|1416|1417|1418|1419	1454|1455|1456|1457
1211|1212	1294|1295	1196	1218	1020|1021	1420|1421	1458|1459
1213|1214	1296	1197|1198	1219|1220	1022|1023	1422|1423	1460|1461
1215	1297	1199	1221	1024	1424	1462
1216	1298	1200	1222|1223	1025	1425|1426	1463|1464
1217	1299	1201	1224	1026	1427|1428	1465|1466
1218	1300	1202	1225	1027	1429|1430	1467
1219	1301	1203	1226	1028	1431	1468
1220	1302|1303	1204	1227	1029	1432	1469
1221	1304|1305	1205|1206	1228|1229	1030	1433|1434	1470|1471
1222	1306	1207	1230	1031	1435	1472
1223	1307|1308	1208	1231	1032	1436|1437	1473|1474
1224	1309|1310	1209|1210	1232|1233	1033|1034	1438|1439	1475|1476
1225	1311|1312	1211	1234		1440	1477
1226	1313	1212|1213	1235	1035|1036	1441	1478
1227	1314|1315	1214	1236	1037	1442	1479
1228	1316|1317	1215	1237	1038	1443	1480
1229	1318|1319	1216	1238	1039	1444	1481|1482
1230|1231|1232	1320|1321	1217|1218|1219	1239|1240|1241	1040|1041	1445|1446|1447|1448|1449|1450|1451	1483|1484|1485|1486|1487
1233|1234	1322|1323|1324	1220|1221	1242|1243	1042	1452|1453	1488|1489|1490
1235	1325|1326	1222	1244	1043	1454	1491
1236	1327|1328	1223|1224	1245|1246	1044|1045	1455	1492|1493
						1494
					1456	
					1457	
				1046		
				1047		
			1247			
		1225				
		1226				
		1227				
		1228				
1237	1329|1330	1229|1230	1248|1249	1048|1049	1458|1459	1495|1496
						1497
						1498
						1499
						1500
						1501
					1460	
					1461	
					1462	
					1463	
					1464	
				1050		
				1051		
				1052		
1238	1331|1332	1231	1250	1053	1465|1466	1502
1239|1240|1241	1333|1334	1232|1233|1234	1251|1252	1054|1055	1467|1468|1469|1470|1471	1503|1504|1505|1506|1507
1242	1335|1336	1235	1253	1056	1472	1508|1509
						1510
	1337					
1243	1338|1339	1236|1237	1254|1255	1057	1473|1474	1511|1512
1244|1245	1340|1341|1342	1238|1239|1240|1241	1256	1058|1059|1060	1475|1476|1477|1478|1479	1513|1514|1515|1516
						1517
						1518
						1519
					1480	
1246|1247	1343|1344|1345	1242|1243|1244	1257|1258|1259	1061	1481|1482|1483	1520|1521|1522|1523
1248|1249	1346|1347|1348	1245|1246	1260|1261	1062	1484	1524|1525|1526|1527
1250|1251|1252	1349|1350|1351	1247|1248|1249	1262|1263|1264	1063|1064	1485|1486|1487	1528|1529|1530
			1265			
1253	1352|1353	1250|1251	1266|1267		1488|1489	1531|1532
1254	1354	1252|1253	1268|1269		1490|1491	1533
1255	1355	1254	1270		1492	1534
1256|1257	1356|1357|1358|1359	1255|1256	1271	1065	1493|1494|1495|1496	1535|1536|1537|1538
						1539
						1540
1258|1259|1260|1261|1262|1263	1360|1361|1362|1363|1364|1365|1366|1367|1368	1257|1258|1259|1260|1261|1262	1272|1273|1274	1066|1067	1497|1498|1499|1500|1501	1541|1542|1543|1544|1545|1546
1264|1265	1369|1370|1371|1372	1263|1264	1275|1276	1068	1502|1503	1547|1548|1549
1266	1373|1374	1265|1266	1277	1069	1504|1505	1550|1551
1267	1375	1267	1278|1279	1070	1506|1507	1552|1553
1268|1269|1270|1271	1376|1377|1378	1268|1269|1270|1271	1280|1281|1282	1071|1072	1508|1509|1510|1511	1554|1555|1556|1557
1272|1273	1379|1380|1381|1382	1272|1273	1283|1284	1073	1512|1513	1558|1559
1274|1275	1383	1274|1275	1285|1286	1074|1075	1514|1515	1560|1561
1276|1277	1384	1276|1277	1287|1288	1076|1077	1516|1517|1518	1562|1563
1278|1279	1385|1386	1278|1279	1289|1290	1078	1519|1520	1564|1565
1280|1281	1387	1280	1291	1079	1521	1566
1282|1283	1388	1281|1282	1292|1293	1080	1522|1523|1524	1567|1568|1569
1284	1389|1390	1283	1294|1295		1525|1526	1570|1571
1285|1286	1391	1284	1296	1081	1527	1572
						1573
					1528	
1287|1288|1289	1392|1393|1394|1395|1396|1397	1285|1286|1287	1297|1298	1082|1083	1529|1530|1531|1532|1533	1574|1575|1576|1577|1578
					1534	
1290	1398|1399	1288|1289	1299	1084|1085	1535|1536	1579|1580
1291	1400|1401	1290	1300	1086	1537|1538	1581|1582
1292|1293	1402|1403	1291|1292	1301	1087	1539|1540	1583|1584
1294	1404	1293	1302		1541	1585
1295|1296|1297|1298	1405|1406|1407|1408|1409|1410	1294|1295|1296	1303|1304|1305|1306	1088|1089	1542|1543|1544|1545|1546|1547	1586|1587|1588|1589|1590
1299|1300	1411	1297|1298|1299	1307|1308		1548|1549	1591|1592
1301	1412	1300	1309		1550|1551	1593|1594
1302|1303	1413|1414|1415	1301	1310|1311	1090	1552|1553	1595|1596|1597
1304	1416	1302	1312	1091	1554	1598
1305|1306|1307	1417|1418|1419	1303|1304|1305	1313|1314|1315	1092|1093	1555|1556|1557	1599|1600|1601
1308|1309|1310|1311|1312|1313|1314	1420|1421|1422|1423|1424|1425|1426|1427|1428|1429|1430	1306|1307|1308|1309|1310|1311|1312|1313	1316|1317|1318|1319|1320|1321|1322	1094|1095|1096|1097|1098	1558|1559|1560|1561|1562|1563|1564|1565|1566	1602|1603|1604|1605
1315|1316	1431|1432	1314	1323|1324	1099	1567	1606
1317|1318|1319	1433|1434|1435|1436	1315|1316|1317	1325|1326|1327|1328	1100|1101	1568|1569|1570|1571	1607
1320|1321|1322|1323	1437|1438|1439|1440|1441|1442	1318|1319|1320|1321	1329|1330|1331|1332	1102|1103	1572|1573|1574|1575	1608|1609
1324|1325|1326|1327	1443|1444|1445|1446|1447	1322|1323|1324|1325	1333|1334|1335|1336|1337|1338	1104	1576|1577|1578|1579	1610|1611
1328|1329	1448	1326|1327	1339|1340	1105	1580|1581	1612
1330	1449	1328	1341	1106	1582	
1331|1332	1450	1329|1330|1331|1332	1342|1343|1344	1107|1108	1583|1584|1585|1586	
1333	1451	1333	1345	1109	1587	
1334|1335|1336	1452|1453|1454|1455|1456	1334|1335|1336|1337	1346|1347|1348	1110|1111|1112|1113	1588|1589|1590	1613
1337|1338|1339|1340	1457|1458|1459	1338|1339|1340|1341|1342	1349|1350|1351	1114|1115	1591|1592|1593|1594	1614
1341	1460	1343	1352	1116	1595	
1342|1343	1461|1462	1344|1345	1353|1354	1117|1118	1596|1597	1615
1344|1345	1463|1464|1465	1346|1347|1348	1355|1356|1357	1119	1598|1599|1600	
1346	1466	1349	1358	1120	1601	
1347|1348	1467|1468	1350|1351	1359	1121|1122	1602|1603	
1349|1350|1351|1352	1469|1470|1471|1472	1352|1353|1354|1355|1356	1360|1361|1362|1363|1364	1123|1124|1125|1126	1604|1605|1606|1607	1616
1353	1473	1357	1365	1127	1608	
1354	1474	1358	1366	1128	1609	
1355|1356|1357	1475|1476|1477|1478|1479|1480|1481	1359|1360|1361|1362	1367|1368|1369	1129|1130	1610|1611|1612|1613	1617
1358|1359	1482|1483|1484|1485|1486|1487|1488|1489|1490|1491|1492|1493|1494|1495	1363	1370	1131	1614|1615	1618
	1496					
1360	1497|1498	1364	1371|1372	1132	1616	
1361|1362	1499	1365|1366	1373|1374|1375	1133|1134	1617|1618	1619
1363|1364|1365	1500|1501	1367|1368|1369	1376|1377|1378|1379	1135|1136|1137	1619|1620|1621|1622	1620
1366|1367	1502	1370|1371	1380|1381	1138|1139	1623|1624	1621
1368|1369|1370	1503|1504	1372|1373|1374|1375	1382|1383|1384|1385	1140|1141	1625|1626|1627|1628	1622
1371|1372|1373|1374|1375	1505|1506|1507	1376|1377|1378|1379|1380	1386|1387|1388|1389|1390|1391	1142	1629|1630|1631|1632|1633|1634	1623|1624|1625
1376|1377	1508	1381|1382	1392|1393	1143	1635|1636	1626
1378|1379	1509	1383|1384|1385	1394|1395	1144|1145	1637|1638|1639|1640	1627
1380|1381	1510	1386|1387	1396|1397|1398	1146	1641|1642	1628|1629
1382	1511	1388|1389	1399	1147	1643	1630
1383|1384|1385|1386|1387|1388|1389|1390|1391|1392	1512|1513|1514|1515|1516	1390|1391|1392|1393|1394|1395|1396|1397|1398	1400|1401|1402|1403|1404|1405|1406|1407|1408	1148|1149|1150|1151|1152|1153|1154|1155	1644|1645|1646|1647|1648|1649|1650|1651|1652|1653	1631|1632|1633|1634|1635|1636|1637|1638|1639|1640|1641
1393	1517	1399	1409	1156	1654	1642
1394|1395	1518	1400|1401	1410|1411	1157|1158	1655|1656|1657	1643|1644|1645
						1646
			1412			
1396	1519	1402|1403	1413|1414	1159	1658|1659	1647|1648
1397|1398	1520	1404	1415	1160	1660|1661	1649|1650
1399|1400|1401|1402|1403|1404|1405|1406	1521|1522|1523|1524|1525|1526|1527	1405|1406|1407|1408	1416|1417|1418|1419|1420|1421	1161|1162|1163|1164	1662|1663|1664|1665|1666|1667	1651|1652|1653|1654|1655
1407|1408	1528|1529|1530	1409	1422|1423	1165	1668	1656|1657
1409	1531	1410	1424	1166	1669	1658
1410	1532	1411	1425	1167	1670	1659
1411	1533	1412|1413	1426|1427	1168	1671|1672	1660|1661
						1662
			1428			
1412	1534|1535	1414|1415	1429|1430	1169|1170	1673|1674	1663|1664
						1665
			1431			
			1432			
		1416				
1413	1536|1537	1417	1433|1434	1171|1172	1675|1676	1666|1667
					1677	
					1678	
					1679	
				1173		
				1174		
		1418				
		1419				
		1420				
		1421				
1414	1538	1422|1423	1435|1436	1175|1176	1680|1681	1668|1669
						1670
1415	1539	1424	1437	1177	1682	1671|1672
1416	1540|1541	1425	1438	1178	1683	1673
1417	1542|1543	1426	1439	1179	1684	1674
1418|1419|1420	1544|1545|1546|1547|1548	1427|1428	1440|1441	1180|1181|1182	1685|1686|1687	1675|1676
1421	1549	1429	1442	1183	1688	1677
				1184		
				1185		
				1186		
1422	1550	1430	1443	1187|1188	1689	1678
1423	1551|1552	1431	1444|1445	1189|1190	1690	1679
			1446			
			1447			
			1448			
			1449			
			1450			
1424	1553	1432	1451	1191|1192	1691	1680
			1452			
			1453			
			1454			
1425	1554|1555	1433|1434	1455|1456	1193|1194	1692	1681
